key,namespace,source_file,source_line,current_fr_value,context,category,priority,extraction_status,notes
common.back,common,src/app/error.tsx,82,Retour à l’accueil,cta back link,ui-static,P0,pending,"apparait 3x: error.tsx L82, not-found.tsx L33, MerciFallback L159 (Revenir à la maison) - normaliser"
common.close,common,src/components/layout/SommaireOverlay.tsx,133,Fermer,close overlay button,ui-static,P0,pending,"apparait 4x: SommaireOverlay, AtelierGallery L127, MiniCart L118, ChatHeader L55 - candidat common.*"
common.cancel,common,src/components/checkout/wizard/WizardShell.tsx,?,Annuler,form cancel,ui-static,P0,pending,scope wizard - HORS audit (CHA-231)
common.read,common,src/components/sections/JournalCrossLink.tsx,46,Lire,read more cta,ui-static,P1,pending,courte forme
common.continue,common,src/components/commerce/CartContents.tsx,154,Continuer à découvrir,continue browsing,ui-static,P1,pending,version longue
common.remove,common,src/components/commerce/CartContents.tsx,121,Retirer,remove cart item,ui-static,P0,pending,"apparait 2x: CartContents L121, MiniCart L143"
common.loading,common,src/components/commerce/CartContents.tsx,60,Lecture du panier…,loading cart,ui-static,P0,pending,specifique panier
common.loading_order,common,src/components/commerce/MerciClient.tsx,104,Lecture de votre commande…,loading order,ui-static,P0,pending,specifique merci
common.loading_cart_recap,common,src/components/sections/CartHero.tsx,14,Lecture du récapitulatif…,loading cart-hero,ui-static,P1,pending,
common.reference,common,src/app/error.tsx,71,Référence :,error ref label,ui-static,P1,pending,
common.reload,common,src/app/error.tsx,77,Recharger la page,reload error cta,ui-static,P0,pending,
common.send,common,src/components/forms/ContactForm.tsx,294,Envoyer mon message,submit contact form,ui-static,P0,pending,
common.facultative,common,src/components/chat/LeadFormBubble.tsx,351,(facultatif),optional field hint,ui-static,P1,pending,
common.confirm_consent,common,src/components/forms/ContactForm.tsx,257,J’accepte que mon message soit lu par la maison FemiGlow afin d’y répondre.,gdpr consent,ui-static,P0,pending,longue chaîne avec interpolation lien mentions-legales
common.sources,common,src/components/chat/MessageList.tsx,234,Sources,sources popover label,ui-static,P2,pending,
common.dotted_sources,common,src/components/chat/MessageBubble.tsx,66,Sources · {count},sources count,ui-static,P2,pending,interpolation count
navigation.home,navigation,src/lib/menu-descriptions.ts,29,La maison,nav menu maison label,ui-static,P0,pending,"apparait 4x: SommaireOverlay menu, Footer columns, CrossLink etc"
navigation.kit,navigation,src/lib/menu-descriptions.ts,19,Le pack,nav menu kit label,ui-static,P0,pending,"changement: avant 'Le kit' désormais 'Le pack' (audit 08/09)"
navigation.kit_alt,navigation,src/components/layout/Footer.tsx,15,Le kit,footer kit label,ui-static,P1,pending,divergence avec menu - 'Le kit' utilisé en footer mais 'Le pack' en sommaire
navigation.rituel,navigation,src/lib/menu-descriptions.ts,12,Le rituel,nav menu rituel,ui-static,P0,pending,
navigation.journal,navigation,src/lib/menu-descriptions.ts,24,Le journal,nav menu journal,ui-static,P0,pending,
navigation.contact,navigation,src/lib/menu-descriptions.ts,35,Contact,nav menu contact,ui-static,P0,pending,
navigation.account,navigation,src/components/header/main-nav.tsx,?,Mon compte,nav account,ui-static,P1,pending,non implémenté actuellement - V1 inexistant
navigation.cart,navigation,src/components/commerce/CartButton.tsx,?,Panier,cart icon label,ui-static,P0,pending,
navigation.menu_summary,navigation,src/components/layout/SommaireOverlay.tsx,116,Sommaire de navigation,sr-only menu title,ui-static,P1,pending,a11y label
navigation.menu_label,navigation,src/components/layout/Header.tsx,103,Sommaire,menu trigger label,ui-static,P0,pending,
navigation.menu_hint_arrow,navigation,src/components/layout/Header.tsx,112,Voir le pack ci-dessous,menu hint bubble,ui-static,P1,pending,à enrichir/refactor
navigation.menu_season_label,navigation,src/lib/menu-descriptions.ts,43,Saison du printemps — Rabat,menu kicker,ui-static,P1,pending,
navigation.menu_season_label_short,navigation,src/lib/menu-descriptions.ts,44,Printemps · Rabat,menu short kicker,ui-static,P2,pending,
navigation.menu_signature,navigation,src/lib/menu-descriptions.ts,45,"Rabat, saison du printemps.",menu footer signature,ui-static,P1,pending,
navigation.menu.rituel_description,navigation,src/lib/menu-descriptions.ts,14,"Manucure japonaise halal. Deux gestes, un polissoir.",menu rituel description,ui-static,P1,pending,
navigation.menu.kit_description,navigation,src/lib/menu-descriptions.ts,20,"Paste, powder, polissoir Step 4. Cinq minutes par soir.",menu kit description,ui-static,P1,pending,
navigation.menu.journal_description,navigation,src/lib/menu-descriptions.ts,26,"Les notes de l'atelier, en lecture lente.",menu journal description,ui-static,P1,pending,
navigation.menu.maison_description,navigation,src/lib/menu-descriptions.ts,32,"Rabat, l'atelier de notre fondatrice, les mains qui font.",menu maison description,ui-static,P1,pending,
navigation.menu.contact_description,navigation,src/lib/menu-descriptions.ts,38,"Une question, une commande spéciale.",menu contact description,ui-static,P1,pending,
navigation.header_logo_aria,navigation,src/components/layout/Header.tsx,85,FemiGlow — Accueil,logo aria,ui-static,P0,pending,
navigation.footer.column_rituel,navigation,src/components/layout/Footer.tsx,11,Le rituel,footer column title,ui-static,P0,pending,
navigation.footer.column_assistance,navigation,src/components/layout/Footer.tsx,20,Assistance,footer column title,ui-static,P0,pending,
navigation.footer.column_legal,navigation,src/components/layout/Footer.tsx,57,Légal,footer column title,ui-static,P0,pending,
navigation.footer.link_journal,navigation,src/components/layout/Footer.tsx,14,Journal,footer link,ui-static,P0,pending,
navigation.footer.link_maison,navigation,src/components/layout/Footer.tsx,15,Maison,footer link,ui-static,P0,pending,
navigation.footer.link_livraison,navigation,src/components/layout/Footer.tsx,23,Livraison,footer link,ui-static,P0,pending,
navigation.footer.link_retours,navigation,src/components/layout/Footer.tsx,24,Retours,footer link,ui-static,P0,pending,
navigation.footer.tagline,navigation,src/components/layout/Footer.tsx,37,"Maison marocaine de soin pour les ongles. Le rituel, en cinq minutes.",footer brand tagline,ui-static,P0,pending,
navigation.footer.address,navigation,src/components/layout/Footer.tsx,64,"FemiGlow · 25 bis avenue Patrice Lumumba, Rabat",footer address line,ui-static,P0,pending,
navigation.footer.copyright,navigation,src/components/layout/Footer.tsx,77,© {year} FemiGlow — Rabat. Tous droits réservés.,footer copyright,ui-static,P0,pending,interpolation year
navigation.footer.copyright_minimal,navigation,src/components/layout/FooterMinimal.tsx,31,© {year} FemiGlow — Rabat.,footer minimal copyright,ui-static,P1,pending,version courte
navigation.commerce_header.back_home,navigation,src/components/layout/CommerceHeader.tsx,19,Retour à la maison,commerce header back link,ui-static,P0,pending,
navigation.checkout_header.leave_aria,navigation,src/components/layout/CheckoutHeader.tsx,25,Quitter la commande,checkout exit aria,ui-static,P0,pending,
navigation.checkout_header.payment_on_delivery,navigation,src/components/layout/CheckoutHeader.tsx,38,Paiement à la livraison,checkout header badge,ui-static,P0,pending,
navigation.checkout_header.back_cart,navigation,src/components/layout/CheckoutHeader.tsx,46,Retour au panier,checkout back cart,ui-static,P0,pending,
navigation.checkout_header.back_cart_short,navigation,src/components/layout/CheckoutHeader.tsx,47,Panier,checkout back cart mobile,ui-static,P0,pending,
navigation.footer_minimal.cgv,navigation,src/components/layout/FooterMinimal.tsx,5,Conditions générales,footer minimal link,ui-static,P0,pending,
navigation.footer_minimal.mentions,navigation,src/components/layout/FooterMinimal.tsx,6,Mentions légales,footer minimal link,ui-static,P0,pending,
marketing.home.metadata.title,seo,src/app/(marketing)/page.tsx,30,Maison de soin pour les ongles — à Rabat,page title metadata,seo-meta,P0,pending,SEO <title>
marketing.home.metadata.description,seo,src/app/(marketing)/page.tsx,32,"Pack FemiGlow — manucure japonaise halal. Deux gestes, un polissoir, cinq minutes par soir. Édité à Rabat.",page description metadata,seo-meta,P0,pending,SEO <meta description>
marketing.home.metadata.og_title,seo,src/app/(marketing)/page.tsx,36,FemiGlow — Maison de soin pour les ongles,og title,seo-meta,P0,pending,
marketing.home.metadata.og_description,seo,src/app/(marketing)/page.tsx,37,"Manucure japonaise halal. Deux gestes, un polissoir, cinq minutes par soir.",og description,seo-meta,P0,pending,
marketing.home.fallback_og_alt,seo,src/app/(marketing)/page.tsx,24,FemiGlow,og fallback alt,seo-meta,P2,pending,
marketing.home.hero.kicker,marketing,src/data/mock/homepage.ts,10,Maison de Rabat,home hero kicker,mock-data,P0,pending,cms-binding
marketing.home.hero.title,marketing,src/data/mock/homepage.ts,11,"Le pack FemiGlow. Deux gestes, un éclat révélé.",home hero title,mock-data,P0,pending,cms-binding via cms.getHomepageContent
marketing.home.hero.subtitle,marketing,src/data/mock/homepage.ts,12,"Manucure japonaise halal, pensée à Rabat. Sans vernis, sans abrasion.",home hero subtitle,mock-data,P0,pending,
marketing.home.hero.cta_primary,marketing,src/data/mock/homepage.ts,14,Découvrir le rituel,home hero primary cta,mock-data,P0,pending,
marketing.home.hero.cta_secondary,marketing,src/data/mock/homepage.ts,15,Recevoir le pack,home hero secondary cta,mock-data,P0,pending,
marketing.home.hero.image_alt,marketing,src/data/mock/homepage.ts,18,"Coffret pastel FemiGlow ouvert, pot paste sauge et pot powder rose poudré, polissoir bleu ciel, lumière naturelle de fin de matinée",home hero image alt,mock-data,P2,pending,
marketing.home.gestes.kicker,marketing,src/components/sections/GestesGrid.tsx,15,Le rituel,gestes grid kicker,ui-static,P0,pending,default value
marketing.home.gestes.title,marketing,src/components/sections/GestesGrid.tsx,16,"Cinq gestes, cinq minutes.",gestes grid default title,ui-static,P0,pending,actuellement faux : 3 gestes - à corriger
marketing.home.gestes.paste_titre,marketing,src/data/mock/homepage.ts,26,Paste,geste paste title,mock-data,P0,pending,
marketing.home.gestes.paste_duree,marketing,src/data/mock/homepage.ts,27,2 minutes,geste paste duration,mock-data,P0,pending,
marketing.home.gestes.paste_description,marketing,src/data/mock/homepage.ts,28,"Pâte crème onctueuse, posée sur ongle sec. Filme, lisse, prépare.",geste paste description,mock-data,P0,pending,
marketing.home.gestes.powder_titre,marketing,src/data/mock/homepage.ts,32,Powder,geste powder title,mock-data,P0,pending,
marketing.home.gestes.powder_duree,marketing,src/data/mock/homepage.ts,33,2 minutes,geste powder duration,mock-data,P0,pending,
marketing.home.gestes.powder_description,marketing,src/data/mock/homepage.ts,34,"Poudre fine blanche, déposée sur la paste. Absorbe, lustre, réveille.",geste powder description,mock-data,P0,pending,
marketing.home.gestes.polish_titre,marketing,src/data/mock/homepage.ts,38,Polish & Shine,geste polish title,mock-data,P0,pending,
marketing.home.gestes.polish_duree,marketing,src/data/mock/homepage.ts,39,1 minute,geste polish duration,mock-data,P0,pending,
marketing.home.gestes.polish_description,marketing,src/data/mock/homepage.ts,40,"Polissoir Step 4 passé en mouvements lents. La brillance naturelle apparaît.",geste polish description,mock-data,P0,pending,
marketing.home.manifeste.kicker,marketing,src/data/mock/homepage.ts,45,Manifeste,manifeste section kicker,mock-data,P0,pending,
marketing.home.manifeste.title,marketing,src/data/mock/homepage.ts,46,La beauté lente est une attention.,manifeste section title,mock-data,P0,pending,
marketing.home.manifeste.statement_1,marketing,src/data/mock/homepage.ts,48,"Nous croyons que les ongles révèlent ce qu’on leur prête. Le geste, le temps, la patience.",manifeste paragraph 1,mock-data,P0,pending,
marketing.home.manifeste.statement_2,marketing,src/data/mock/homepage.ts,49,Cinq minutes par jour. Deux gestes et un polissoir. Aucune démonstration.,manifeste paragraph 2,mock-data,P0,pending,
marketing.home.avis.salma.quote,marketing,src/data/mock/homepage.ts,58,Trois mois sans casse. Cinq minutes par soir suffisent.,avis salma testimonial quote,mock-data,P1,pending,
marketing.home.avis.salma.first_name,marketing,src/data/mock/homepage.ts,55,Salma,testimonial first name,mock-data,P1,pending,
marketing.home.avis.salma.context,marketing,src/data/mock/homepage.ts,56,Casablanca,testimonial city context,mock-data,P1,pending,
marketing.home.avis.salma.initiee_depuis,marketing,src/data/mock/homepage.ts,57,Janvier 2025,testimonial since label,mock-data,P2,pending,
marketing.home.avis.yasmine.quote,marketing,src/data/mock/homepage.ts,73,Le rituel rythme ma fin de journée. C’est devenu un moment pour moi.,avis yasmine quote,mock-data,P1,pending,
marketing.home.avis.yasmine.first_name,marketing,src/data/mock/homepage.ts,70,Yasmine,testimonial first name,mock-data,P1,pending,
marketing.home.avis.yasmine.context,marketing,src/data/mock/homepage.ts,71,Rabat,testimonial city,mock-data,P1,pending,
marketing.home.avis.ines.quote,marketing,src/data/mock/homepage.ts,87,"La paste donne un fini qui me ressemble. Naturel, sans vernis.",avis ines quote,mock-data,P1,pending,
marketing.home.avis.ines.first_name,marketing,src/data/mock/homepage.ts,84,Inès,testimonial first name,mock-data,P1,pending,
marketing.home.avis.ines.context,marketing,src/data/mock/homepage.ts,85,Marrakech,testimonial city,mock-data,P1,pending,
marketing.home.avis.kicker_default,marketing,src/components/sections/AvisStrip.tsx,22,Voix,avis strip section kicker,ui-static,P1,pending,default prop value
marketing.home.avis.title_default,marketing,src/components/sections/AvisStrip.tsx,23,Celles qui ont essayé.,avis strip section title,ui-static,P1,pending,default prop value
marketing.kit.metadata.title_fallback,seo,src/app/(marketing)/kit/page.tsx,32,Le pack FemiGlow — manucure japonaise,kit page title fallback,seo-meta,P0,pending,
marketing.kit.metadata.description_fallback,seo,src/app/(marketing)/kit/page.tsx,33,"Pack FemiGlow — coffret de manucure japonaise en deux gestes. Paste verte sauge, powder rose poudré et polissoir Step 4 Polish & Shine. Pensé à Rabat par notre équipe. Sans vernis, sans abrasion. Livraison offerte au Maroc.",kit page description fallback,seo-meta,P0,pending,
marketing.kit.metadata.og_alt,seo,src/app/(marketing)/kit/page.tsx,29,"Le pack FemiGlow — paste, powder, polissoir Step 4",kit og image alt,seo-meta,P1,pending,
marketing.kit.product.name,marketing,src/data/mock/product.ts,11,Pack FemiGlow,product name,mock-data,P0,pending,nom commercial - à valider founder
marketing.kit.product.tagline,marketing,src/data/mock/product.ts,14,"Manucure japonaise. Deux gestes, un polissoir, un éclat.",product tagline,mock-data,P0,pending,
marketing.kit.product.description,marketing,src/data/mock/product.ts,16,"Le pack FemiGlow réunit deux pots — une paste lissante et une powder lustrante — et un polissoir Step 4 Polish & Shine. Une manucure japonaise, formulée à Rabat par notre équipe. Sans vernis. Sans abrasion. Cinq minutes par jour suffisent.",product description,mock-data,P0,pending,
marketing.kit.product.image_alt_primary,marketing,src/data/mock/product.ts,23,"Pack FemiGlow ouvert sur fond pastel — pot paste vert sauge, pot powder rose poudré, polissoir Step 4 bleu ciel, vague rose poudré, typographie FemiGlow",product image alt primary,mock-data,P2,pending,
marketing.kit.product.image_alt_secondary,marketing,src/data/mock/product.ts,30,"Mains aux ongles nus, courts à moyens, naturellement brillants après le rituel paste-powder-polish",product image alt secondary,mock-data,P2,pending,
marketing.kit.product.shipping_estimate,marketing,src/data/mock/product.ts,55,Rabat : 24 h. Maroc : 48 à 72 h. Livraison offerte.,product shipping estimate,mock-data,P0,pending,
marketing.kit.composition.paste.name,marketing,src/data/mock/kit.ts,19,1 Paste,composition paste subproduct name,mock-data,P0,pending,
marketing.kit.composition.paste.sensation,marketing,src/data/mock/kit.ts,20,Tiède au contact.,paste sensation line,mock-data,P1,pending,
marketing.kit.composition.paste.short_description,marketing,src/data/mock/kit.ts,22,"Pâte crème onctueuse. Filme la plaque sans l’étouffer. Une noisette suffit.",paste short description,mock-data,P0,pending,
marketing.kit.composition.paste.volume,marketing,src/data/mock/kit.ts,24,15 g,paste volume,mock-data,P1,pending,
marketing.kit.composition.paste.usage_hint,marketing,src/data/mock/kit.ts,25,une noisette filme dix doigts,paste usage hint,mock-data,P1,pending,
marketing.kit.composition.paste.narrative,marketing,src/data/mock/kit.ts,27,"12 % de cire d’abeille fondue à basse température par la coopérative apicole du Moyen Atlas. Trois minutes de pose, le fini est mat.",paste narrative,mock-data,P1,pending,
marketing.kit.composition.paste.ingredient.cire.name,marketing,src/data/mock/kit.ts,36,Cire d’abeille,ingredient name,mock-data,P1,pending,
marketing.kit.composition.paste.ingredient.cire.function,marketing,src/data/mock/kit.ts,38,Filmogène naturel,ingredient function,mock-data,P1,pending,
marketing.kit.composition.paste.ingredient.cire.origin,marketing,src/data/mock/kit.ts,39,"Coopérative apicole, Atlas marocain",ingredient origin,mock-data,P1,pending,
marketing.kit.composition.paste.ingredient.cire.inci_definition,marketing,src/data/mock/kit.ts,42,"Nom officiel de la cire d’abeille pure. Filme l’ongle sans le sceller, laisse respirer la plaque.",ingredient inci definition,mock-data,P2,pending,
marketing.kit.composition.paste.ingredient.jojoba.name,marketing,src/data/mock/kit.ts,46,Huile de jojoba,ingredient jojoba name,mock-data,P1,pending,
marketing.kit.composition.paste.ingredient.jojoba.function,marketing,src/data/mock/kit.ts,48,Hémisphage des cuticules,ingredient jojoba function,mock-data,P1,pending,attention typo Hémisphage - à vérifier
marketing.kit.composition.paste.ingredient.jojoba.origin,marketing,src/data/mock/kit.ts,49,"Cultures biologiques, Souss-Massa",ingredient jojoba origin,mock-data,P1,pending,
marketing.kit.composition.paste.ingredient.jojoba.inci_definition,marketing,src/data/mock/kit.ts,52,"Cire végétale liquide, proche du sébum naturel. Assouplit les cuticules sans graisser.",ingredient inci def,mock-data,P2,pending,
marketing.kit.composition.paste.ingredient.tocopherol.name,marketing,src/data/mock/kit.ts,55,Tocophérol,ingredient tocopherol,mock-data,P1,pending,
marketing.kit.composition.paste.ingredient.tocopherol.function,marketing,src/data/mock/kit.ts,57,Antioxydant,ingredient function,mock-data,P1,pending,
marketing.kit.composition.paste.ingredient.tocopherol.origin,marketing,src/data/mock/kit.ts,58,"Origine végétale, Europe",ingredient origin,mock-data,P1,pending,
marketing.kit.composition.paste.ingredient.tocopherol.inci_definition,marketing,src/data/mock/kit.ts,61,"Vitamine E d’origine végétale. Préserve les huiles de la formule du rancissement.",inci definition,mock-data,P2,pending,
marketing.kit.composition.paste.certification.cosmos,marketing,src/data/mock/kit.ts,64,Cosmos Organic,certification label,mock-data,P1,pending,
marketing.kit.composition.paste.certification.cosmos.body,marketing,src/data/mock/kit.ts,64,Ecocert,certification authority,mock-data,P2,pending,nom de l'organisme - non-traduit
marketing.kit.composition.paste.certification.vegan,marketing,src/data/mock/kit.ts,65,Vegan,certification label,mock-data,P1,pending,
marketing.kit.composition.paste.certification.vegan.body,marketing,src/data/mock/kit.ts,65,EVE Vegan,certification authority,mock-data,P2,pending,
marketing.kit.composition.powder.name,marketing,src/data/mock/kit.ts,70,2 Powder,powder subproduct name,mock-data,P0,pending,
marketing.kit.composition.powder.sensation,marketing,src/data/mock/kit.ts,71,"Glisse, ne grise pas.",powder sensation,mock-data,P1,pending,
marketing.kit.composition.powder.short_description,marketing,src/data/mock/kit.ts,73,"Poudre fine blanche, déposée sur la paste. Absorbe l’excès, lustre la surface.",powder short description,mock-data,P0,pending,
marketing.kit.composition.powder.volume,marketing,src/data/mock/kit.ts,75,8 g,powder volume,mock-data,P1,pending,
marketing.kit.composition.powder.usage_hint,marketing,src/data/mock/kit.ts,76,une pincée lustre toute la main,powder usage hint,mock-data,P1,pending,
marketing.kit.composition.powder.narrative,marketing,src/data/mock/kit.ts,78,"Poudre minérale fine, déposée juste après la paste. Le talc absorbe le surplus, la silice lustre la surface. Pas de blanc, pas de gris.",powder narrative,mock-data,P1,pending,
marketing.kit.composition.powder.ingredient.talc.name,marketing,src/data/mock/kit.ts,87,Talc cosmétique,ingredient talc,mock-data,P1,pending,
marketing.kit.composition.powder.ingredient.talc.function,marketing,src/data/mock/kit.ts,89,Matifiant minéral,ingredient function,mock-data,P1,pending,
marketing.kit.composition.powder.ingredient.talc.inci_definition,marketing,src/data/mock/kit.ts,93,"Silicate de magnésium pur, lavé et tamisé. Matifie sans gercer la plaque.",inci def,mock-data,P2,pending,
marketing.kit.composition.powder.ingredient.riz.name,marketing,src/data/mock/kit.ts,97,Poudre de riz,ingredient riz,mock-data,P1,pending,
marketing.kit.composition.powder.ingredient.riz.function,marketing,src/data/mock/kit.ts,99,Absorbant doux,ingredient function,mock-data,P1,pending,
marketing.kit.composition.powder.ingredient.riz.origin,marketing,src/data/mock/kit.ts,100,Asie biologique,ingredient origin,mock-data,P1,pending,
marketing.kit.composition.powder.ingredient.riz.inci_definition,marketing,src/data/mock/kit.ts,103,Amidon de riz finement broyé. Absorbe le surplus de paste sans dessécher.,inci def,mock-data,P2,pending,
marketing.kit.composition.powder.ingredient.silice.name,marketing,src/data/mock/kit.ts,107,Silice,ingredient silice,mock-data,P1,pending,
marketing.kit.composition.powder.ingredient.silice.function,marketing,src/data/mock/kit.ts,109,Texture & glissant,ingredient function,mock-data,P1,pending,
marketing.kit.composition.powder.ingredient.silice.origin,marketing,src/data/mock/kit.ts,110,"Origine minérale, Europe",ingredient origin,mock-data,P1,pending,
marketing.kit.composition.powder.ingredient.silice.inci_definition,marketing,src/data/mock/kit.ts,113,"Forme cosmétique du silicate. Donne la glisse et révèle la brillance au polissage.",inci def,mock-data,P2,pending,
marketing.kit.composition.polissoir.name,marketing,src/data/mock/kit.ts,121,Polissoir Step 4 — Polish & Shine,polissoir subproduct name,mock-data,P0,pending,
marketing.kit.composition.polissoir.short_description,marketing,src/data/mock/kit.ts,122,"Polissoir rectangulaire bleu ciel. Trois faces, trois grains. Révèle la brillance naturelle.",polissoir short desc,mock-data,P0,pending,
marketing.kit.composition.polissoir.volume,marketing,src/data/mock/kit.ts,124,90 mm,polissoir dim,mock-data,P1,pending,
marketing.kit.composition.polissoir.sensation,marketing,src/data/mock/kit.ts,125,La lumière revient à la surface.,polissoir sensation,mock-data,P1,pending,
marketing.kit.composition.polissoir.usage_hint,marketing,src/data/mock/kit.ts,127,six mois de polissage doux,polissoir usage hint,mock-data,P1,pending,
marketing.kit.composition.polissoir.narrative,marketing,src/data/mock/kit.ts,129,"Polissoir trois faces, du plus rugueux au plus doux. La dernière face révèle la brillance, sans solvant ni vernis. Se rince à l’eau tiède.",polissoir narrative,mock-data,P1,pending,
marketing.kit.composition.polissoir.ingredient.mousse.name,marketing,src/data/mock/kit.ts,138,Mousse polyuréthane haute densité,ingredient name,mock-data,P1,pending,
marketing.kit.composition.polissoir.ingredient.kaolin.name,marketing,src/data/mock/kit.ts,146,Poudre de kaolin polissant,ingredient kaolin,mock-data,P1,pending,
marketing.kit.composition.polissoir.ingredient.kaolin.function,marketing,src/data/mock/kit.ts,148,Argile douce,ingredient function,mock-data,P1,pending,
marketing.kit.composition.polissoir.ingredient.kaolin.origin,marketing,src/data/mock/kit.ts,149,"Carrière, Marrakech",ingredient origin,mock-data,P1,pending,
marketing.kit.comparatif.title_vernis,marketing,src/data/mock/kit.ts,179,Vernis classique,comparatif column header,mock-data,P1,pending,
marketing.kit.comparatif.title_rituel,marketing,src/data/mock/kit.ts,180,Pack FemiGlow,comparatif column header,mock-data,P1,pending,
marketing.kit.comparatif.row.preparation.axis,marketing,src/data/mock/kit.ts,184,Préparation,comparatif axis,mock-data,P1,pending,
marketing.kit.comparatif.row.preparation.vernis,marketing,src/data/mock/kit.ts,185,"Dégraissage à l’acétone, surface lisse forcée.",comparatif vernis cell,mock-data,P1,pending,
marketing.kit.comparatif.row.preparation.rituel,marketing,src/data/mock/kit.ts,186,"Nettoyage doux, observation de la plaque, sans solvant agressif.",comparatif rituel cell,mock-data,P1,pending,
marketing.kit.comparatif.row.tenue.axis,marketing,src/data/mock/kit.ts,189,Tenue,comparatif axis,mock-data,P1,pending,
marketing.kit.comparatif.row.tenue.vernis,marketing,src/data/mock/kit.ts,190,"5 à 7 jours sur ongle préparé, retouches fréquentes.",comparatif tenue vernis,mock-data,P1,pending,
marketing.kit.comparatif.row.tenue.rituel,marketing,src/data/mock/kit.ts,191,"Pas de tenue colorée : l’ongle reste tel qu’il est, soutenu jour après jour.",comparatif tenue rituel,mock-data,P1,pending,
marketing.kit.comparatif.row.recuperation.axis,marketing,src/data/mock/kit.ts,193,Récupération,comparatif axis,mock-data,P1,pending,
marketing.kit.comparatif.row.recuperation.vernis,marketing,src/data/mock/kit.ts,194,"Ongle déshydraté sous la couche, parfois fragilisé.",comparatif recup vernis,mock-data,P1,pending,
marketing.kit.comparatif.row.recuperation.rituel,marketing,src/data/mock/kit.ts,195,"Plaque hydratée, cuticules souples, polissage au kaolin Step 4.",comparatif recup rituel,mock-data,P1,pending,
marketing.kit.comparatif.row.cout.axis,marketing,src/data/mock/kit.ts,198,Coût annuel,comparatif axis cost,mock-data,P1,pending,
marketing.kit.comparatif.row.cout.vernis,marketing,src/data/mock/kit.ts,199,"Vernis + dissolvant + cures réparatrices, env. 1 500 dh.",comparatif cout vernis,mock-data,P1,pending,
marketing.kit.comparatif.row.cout.rituel,marketing,src/data/mock/kit.ts,200,Un pack FemiGlow à 199 dh tient quatre à cinq mois. Soit environ 500 dh par an.,comparatif cout rituel,mock-data,P1,pending,
marketing.kit.comparatif.row.impact.axis,marketing,src/data/mock/kit.ts,203,Impact matière,comparatif axis impact,mock-data,P1,pending,
marketing.kit.comparatif.row.impact.vernis,marketing,src/data/mock/kit.ts,204,"Solvants volatils, formules à base pétrochimique fréquente.",comparatif impact vernis,mock-data,P1,pending,
marketing.kit.comparatif.row.impact.rituel,marketing,src/data/mock/kit.ts,205,"Cire d’abeille, jojoba, talc minéral, riz, kaolin. Certification Cosmos Organic.",comparatif impact rituel,mock-data,P1,pending,
marketing.kit.comparatif.row.temps.axis,marketing,src/data/mock/kit.ts,209,Temps quotidien,comparatif axis temps,mock-data,P1,pending,
marketing.kit.comparatif.row.temps.vernis,marketing,src/data/mock/kit.ts,210,"Application 20 min, séchage long, retouches.",comparatif temps vernis,mock-data,P1,pending,
marketing.kit.comparatif.row.temps.rituel,marketing,src/data/mock/kit.ts,211,"Cinq minutes par jour, geste lent, sans séchage forcé.",comparatif temps rituel,mock-data,P1,pending,
marketing.kit.faq.duree_pack.question,marketing,src/data/mock/kit.ts,218,Combien de temps dure un pack ?,faq question,mock-data,P1,pending,
marketing.kit.faq.duree_pack.answer,marketing,src/data/mock/kit.ts,220,"En usage quotidien, le pack tient quatre à cinq mois. La paste se vide en premier, la powder suit. Le polissoir dure environ un an. Nous proposons des recharges à partir de l’automne 2026.",faq answer duree,mock-data,P1,pending,
marketing.kit.faq.frequence.question,marketing,src/data/mock/kit.ts,224,À quelle fréquence appliquer ?,faq question,mock-data,P1,pending,
marketing.kit.faq.frequence.answer,marketing,src/data/mock/kit.ts,226,"Tous les soirs si vous le pouvez, en cinq minutes. Si vous sautez un jour, ce n’est pas grave : la maison accueille la pause comme elle accueille le retour.",faq answer frequence,mock-data,P1,pending,
marketing.kit.faq.compatibilite_vernis.question,marketing,src/data/mock/kit.ts,230,Puis-je continuer à porter du vernis ?,faq question compat,mock-data,P1,pending,
marketing.kit.faq.compatibilite_vernis.answer,marketing,src/data/mock/kit.ts,232,"Le rituel s’accommode du vernis même s’il est pensé pour s’en passer. Appliquez la paste et la powder les soirs sans vernis. La plaque respire, le rituel installe sa lenteur.",faq answer compat,mock-data,P1,pending,
marketing.kit.faq.grossesse.question,marketing,src/data/mock/kit.ts,236,Le rituel convient-il pendant la grossesse ?,faq question grossesse,mock-data,P1,pending,
marketing.kit.faq.grossesse.answer,marketing,src/data/mock/kit.ts,238,"Toutes les formules sont sans solvants volatils, sans phtalates, sans toluene. Nous recommandons d’échanger avec votre médecin : le soin se construit en confiance.",faq answer grossesse,mock-data,P1,pending,
marketing.kit.faq.expedition.question,marketing,src/data/mock/kit.ts,242,Quels sont les délais de livraison ?,faq question expedition,mock-data,P1,pending,
marketing.kit.faq.expedition.answer,marketing,src/data/mock/kit.ts,244,"Rabat : 24 h. Reste du Maroc : 48 à 72 h. Livraison offerte. International : nous étudions chaque destination, l’envoi se fait par DHL avec suivi.",faq answer expedition,mock-data,P1,pending,
marketing.kit.faq.retours.question,marketing,src/data/mock/kit.ts,248,Puis-je retourner le pack ?,faq question retours,mock-data,P1,pending,
marketing.kit.faq.retours.answer,marketing,src/data/mock/kit.ts,250,"Oui, sous trente jours, même entamé. Vous nous écrivez deux lignes à info@femiglow-maroc.com, nous reprenons le pack. Remboursement sous cinq jours ouvrés.",faq answer retours,mock-data,P1,pending,
marketing.kit.faq.allergies.question,marketing,src/data/mock/kit.ts,254,Et si je suis allergique à un ingrédient ?,faq question allergies,mock-data,P1,pending,
marketing.kit.faq.allergies.answer,marketing,src/data/mock/kit.ts,256,"Chaque formule liste son INCI complet sur cette page et sur l’étiquette du pot. En cas de doute, nous vous adressons un échantillon avant l’envoi du pack complet.",faq answer allergies,mock-data,P1,pending,
marketing.kit.faq.adolescentes.question,marketing,src/data/mock/kit.ts,260,Le rituel est-il adapté aux adolescentes ?,faq question ados,mock-data,P1,pending,
marketing.kit.faq.adolescentes.answer,marketing,src/data/mock/kit.ts,262,"Oui, à partir de quatorze ans. Les formules sont douces, les gestes simples. C’est souvent un premier rendez-vous avec le soin lent.",faq answer ados,mock-data,P1,pending,
marketing.kit.hands_testimonials.amal.quote,marketing,src/data/mock/kit.ts,271,"Trois mois, et l’ongle a retrouvé sa nervure. J’ai cessé de le forcer.",hands testimonial quote,mock-data,P1,pending,
marketing.kit.hands_testimonials.amal.first_name,marketing,src/data/mock/kit.ts,268,Amal,hands testimonial first name,mock-data,P1,pending,
marketing.kit.hands_testimonials.amal.city,marketing,src/data/mock/kit.ts,269,Rabat,hands testimonial city,mock-data,P1,pending,
marketing.kit.hands_testimonials.amal.initiee_depuis,marketing,src/data/mock/kit.ts,284,Février 2026,since label,mock-data,P2,pending,
marketing.kit.hands_testimonials.lina.quote,marketing,src/data/mock/kit.ts,291,"Cinq minutes le soir, c’est devenu un signal de fin de journée.",hands testimonial quote,mock-data,P1,pending,
marketing.kit.hands_testimonials.lina.first_name,marketing,src/data/mock/kit.ts,288,Lina,first name,mock-data,P1,pending,
marketing.kit.hands_testimonials.lina.city,marketing,src/data/mock/kit.ts,289,Casablanca,city,mock-data,P1,pending,
marketing.kit.hands_testimonials.sara.quote,marketing,src/data/mock/kit.ts,311,Je ne reviendrai pas au vernis. La main suffit à elle-même.,hands testimonial quote,mock-data,P1,pending,
marketing.kit.hands_testimonials.sara.first_name,marketing,src/data/mock/kit.ts,308,Sara,first name,mock-data,P1,pending,
marketing.kit.hands_testimonials.sara.city,marketing,src/data/mock/kit.ts,309,Marrakech,city,mock-data,P1,pending,
marketing.kit.reassurances.shipping.label,marketing,src/data/mock/kit.ts,330,Livraison offerte,reassurance label shipping,mock-data,P0,pending,
marketing.kit.reassurances.shipping.detail,marketing,src/data/mock/kit.ts,331,Rabat 24 h — Maroc 48 à 72 h,reassurance detail shipping,mock-data,P0,pending,
marketing.kit.reassurances.return.label,marketing,src/data/mock/kit.ts,333,Retour 30 jours,reassurance label return,mock-data,P0,pending,
marketing.kit.reassurances.return.detail,marketing,src/data/mock/kit.ts,333,Même entamé,reassurance detail return,mock-data,P0,pending,
marketing.kit.reassurances.payment.label,marketing,src/data/mock/kit.ts,336,Paiement à la livraison,reassurance label payment,mock-data,P0,pending,
marketing.kit.reassurances.payment.detail,marketing,src/data/mock/kit.ts,337,Vérifiez avant de payer,reassurance detail payment,mock-data,P0,pending,
marketing.kit.composition.section.kicker,marketing,src/components/sections/CompositionReveal.tsx,45,La composition,composition section kicker,ui-static,P0,pending,
marketing.kit.composition.section.title,marketing,src/components/sections/CompositionReveal.tsx,47,"Trois objets, trois gestes.",composition section title,ui-static,P0,pending,
marketing.kit.composition.section.description,marketing,src/components/sections/CompositionReveal.tsx,49,"Le kit tient dans une main. Chaque pièce a sa place dans le geste, sa place sur la table de chevet, sa place dans la saison.",composition section body,ui-static,P0,pending,
marketing.kit.ingredients.section.kicker,marketing,src/components/sections/IngredientsDetails.tsx,42,Le détail,ingredients section kicker,ui-static,P1,pending,
marketing.kit.ingredients.section.title,marketing,src/components/sections/IngredientsDetails.tsx,43,La composition lue ligne par ligne.,ingredients section title,ui-static,P1,pending,
marketing.kit.ingredients.section.description,marketing,src/components/sections/IngredientsDetails.tsx,46,"Tout est dit : noms d’usage, INCI, fonction, origine, concentration. Pas d’angle mort, pas de promesse cachée derrière une formule.",ingredients section body,ui-static,P1,pending,
marketing.kit.comparatif.kicker,marketing,src/components/sections/ComparatifSection.tsx,26,Comparatif,comparatif section kicker,ui-static,P0,pending,
marketing.kit.comparatif.title,marketing,src/components/sections/ComparatifSection.tsx,28,Vernis classique et rituel FemiGlow.,comparatif section title,ui-static,P0,pending,
marketing.kit.comparatif.description,marketing,src/components/sections/ComparatifSection.tsx,30,"Sans dénigrer, deux approches différentes. À chacune sa place dans une vie, à chacune ses contraintes. Lisez à voix haute : chaque ligne se tient.",comparatif section body,ui-static,P1,pending,
marketing.kit.faq.section.kicker,marketing,src/components/sections/FAQContextuelle.tsx,21,Questions,faq section kicker,ui-static,P1,pending,
marketing.kit.faq.section.title,marketing,src/components/sections/FAQContextuelle.tsx,23,Les questions qu’on nous pose.,faq section title,ui-static,P1,pending,
marketing.kit.faq.section.description,marketing,src/components/sections/FAQContextuelle.tsx,25,"Les réponses sont courtes, précises, vérifiables. Si une question manque, écrivez-nous : nous l’ajouterons.",faq section description,ui-static,P1,pending,
marketing.kit.hands.kicker,marketing,src/components/sections/HandsTestimonials.tsx,28,Trois mains,hands testimonials kicker,ui-static,P1,pending,
marketing.kit.hands.title,marketing,src/components/sections/HandsTestimonials.tsx,30,"Trois mains, trois saisons.",hands testimonials title,ui-static,P1,pending,
marketing.kit.hands.description,marketing,src/components/sections/HandsTestimonials.tsx,33,"Photos non retouchées, prises chez nos initiées au bout de plusieurs mois de rituel. La plaque retrouve sa nervure, sans recette miracle.",hands testimonials body,ui-static,P1,pending,
marketing.kit.hero.kicker,marketing,src/components/sections/HeroProduit.tsx,107,Le rituel,kit hero kicker,ui-static,P0,pending,
marketing.kit.hero.savings,marketing,src/components/sections/HeroProduit.tsx,144,Économie {savings} MAD,kit hero savings micro,ui-static,P0,pending,interpolation savings amount
marketing.kit.hero.cta_commander,marketing,src/components/sections/HeroProduit.tsx,168,Commander le rituel,kit hero cta,ui-static,P0,pending,"apparait 2x: HeroProduit (anchor) + HeroProduit (cart-redirect)"
marketing.kit.commander.kicker_default,marketing,src/components/sections/KitCommanderSection.tsx,82,Commander le rituel,wizard section kicker,ui-static,P0,pending,scope wizard - HORS audit (CHA-231)
marketing.kit.commander.title_default,marketing,src/components/sections/KitCommanderSection.tsx,83,"Trois gestes, livrés chez vous.",wizard section title,ui-static,P0,pending,HORS audit
marketing.kit.commander.subtitle_default,marketing,src/components/sections/KitCommanderSection.tsx,84,"Quelques coordonnées, une adresse au Maroc, et nous nous occupons du reste. Livraison gratuite en 24-48 heures.",wizard section subtitle,ui-static,P0,pending,HORS audit
marketing.kit.pivot_final.kicker,marketing,src/components/sections/PivotFinal.tsx,22,Le geste,pivot final kicker,ui-static,P1,pending,
marketing.kit.pivot_final.title,marketing,src/components/sections/PivotFinal.tsx,24,Posez le geste.,pivot final title,ui-static,P1,pending,
marketing.kit.pivot_final.body,marketing,src/components/sections/PivotFinal.tsx,27,"Le rituel commence quand vous le décidez. Cinq minutes le soir, une saison, et la plaque retrouve sa cadence.",pivot final body,ui-static,P1,pending,
marketing.kit.pivot_final.cta_secondary,marketing,src/components/sections/PivotFinal.tsx,36,Lire encore,pivot final secondary cta,ui-static,P1,pending,
marketing.kit.product_feed.hero.kicker,marketing,src/lib/products/feed/kit-feed.ts,306,Le pack,product feed hero kicker,ui-static,P0,pending,
marketing.kit.product_feed.hero.title,marketing,src/lib/products/feed/kit-feed.ts,308,Le rituel s’installe en deux gestes et un polissoir.,product feed hero title,ui-static,P0,pending,
marketing.kit.product_feed.hero.lead,marketing,src/lib/products/feed/kit-feed.ts,310,"Trois objets dans la main, deux gestes dans la soirée. La paste filme, la powder lustre, le polissoir Step 4 révèle — manucure japonaise, pensée à Rabat.",product feed lead,ui-static,P0,pending,
marketing.kit.product_feed.hero.price_prefix,marketing,src/lib/products/feed/kit-feed.ts,311,Tout compris :,price prefix,ui-static,P0,pending,
marketing.kit.product_feed.hero.cta_label,marketing,src/lib/products/feed/kit-feed.ts,312,Commander le rituel,product feed cta,ui-static,P0,pending,
marketing.kit.product_feed.hero.cta_microcopy,marketing,src/lib/products/feed/kit-feed.ts,315,Paste · Powder · Polissoir Step 4 inclus · Livraison offerte au Maroc · Paiement à la livraison · Retour 30 j.,product feed microcopy,ui-static,P0,pending,
marketing.kit.product_feed.compare_at_aria,marketing,src/lib/products/feed/kit-feed.ts,317,Prix non packagé {price},compare at aria,ui-static,P1,pending,interpolation
marketing.kit.product_feed.value.paste,marketing,src/lib/products/feed/kit-feed.ts,294,1 Paste · 30 ml,value item paste,ui-static,P1,pending,note: schema dit 15g sur kit.ts L24 - drift à vérifier
marketing.kit.product_feed.value.powder,marketing,src/lib/products/feed/kit-feed.ts,294,2 Powder · 30 g,value item powder,ui-static,P1,pending,note: schema dit 8g - drift
marketing.kit.product_feed.value.polissoir,marketing,src/lib/products/feed/kit-feed.ts,295,Polissoir 4 zones,value item polissoir,ui-static,P1,pending,
marketing.kit.product_feed.value.notice,marketing,src/lib/products/feed/kit-feed.ts,296,Notice rituel + carte,value item notice,ui-static,P1,pending,
marketing.kit.product_feed.value.notice_offert,marketing,src/lib/products/feed/kit-feed.ts,296,offert,value muted,ui-static,P1,pending,
marketing.kit.product_feed.value.livraison,marketing,src/lib/products/feed/kit-feed.ts,297,Livraison au Maroc,value item livraison,ui-static,P1,pending,
marketing.kit.product_feed.steps.header.kicker,marketing,src/lib/products/feed/kit-feed.ts,172,EN TOUT,steps header kicker,ui-static,P0,pending,EN MAJUSCULES - normaliser ou conserver per CMS
marketing.kit.product_feed.steps.header.total_duration,marketing,src/lib/products/feed/kit-feed.ts,173,5 minutes le soir,steps header total,ui-static,P0,pending,
marketing.kit.product_feed.steps.header.lead,marketing,src/lib/products/feed/kit-feed.ts,174,"Quatre gestes lents, une fois par semaine.",steps header lead,ui-static,P0,pending,"NOTE drift: 'une fois par semaine' vs '5 minutes le soir' (homepage) — incohérence éditoriale à valider"
marketing.kit.product_feed.steps.post_cta.label,marketing,src/lib/products/feed/kit-feed.ts,184,Démarrer le rituel,steps post cta,ui-static,P0,pending,
marketing.kit.product_feed.steps.preparation.kicker,marketing,src/lib/products/feed/kit-feed.ts,122,Préparation,step 1 kicker,ui-static,P0,pending,
marketing.kit.product_feed.steps.preparation.title,marketing,src/lib/products/feed/kit-feed.ts,123,Préparez vos ongles,step 1 title,ui-static,P0,pending,
marketing.kit.product_feed.steps.preparation.description,marketing,src/lib/products/feed/kit-feed.ts,126,"On nettoie, on sèche, on lime légèrement — la plaque s’ouvre au soin.",step 1 description,ui-static,P0,pending,
marketing.kit.product_feed.steps.preparation.duration,marketing,src/lib/products/feed/kit-feed.ts,129,30 s,step 1 duration,ui-static,P0,pending,
marketing.kit.product_feed.steps.paste.kicker,marketing,src/lib/products/feed/kit-feed.ts,133,Geste 1,step 2 kicker,ui-static,P0,pending,
marketing.kit.product_feed.steps.paste.title,marketing,src/lib/products/feed/kit-feed.ts,134,Appliquez la paste,step 2 title,ui-static,P0,pending,
marketing.kit.product_feed.steps.paste.description,marketing,src/lib/products/feed/kit-feed.ts,136,"Une noisette de paste vert sauge, le polissoir glisse, la cire entre dans la kératine.",step 2 description,ui-static,P0,pending,
marketing.kit.product_feed.steps.paste.duration,marketing,src/lib/products/feed/kit-feed.ts,138,1 min,step 2 duration,ui-static,P0,pending,
marketing.kit.product_feed.steps.powder.kicker,marketing,src/lib/products/feed/kit-feed.ts,143,Geste 2,step 3 kicker,ui-static,P0,pending,
marketing.kit.product_feed.steps.powder.title,marketing,src/lib/products/feed/kit-feed.ts,144,Appliquez la powder,step 3 title,ui-static,P0,pending,
marketing.kit.product_feed.steps.powder.description,marketing,src/lib/products/feed/kit-feed.ts,146,"On dépose la powder rose poudré, on lustre lentement, la lumière revient à la surface.",step 3 description,ui-static,P0,pending,
marketing.kit.product_feed.steps.powder.duration,marketing,src/lib/products/feed/kit-feed.ts,148,2 min,step 3 duration,ui-static,P0,pending,
marketing.kit.product_feed.steps.step4.kicker,marketing,src/lib/products/feed/kit-feed.ts,153,Polissoir Step 4,step 4 kicker,ui-static,P0,pending,
marketing.kit.product_feed.steps.step4.title,marketing,src/lib/products/feed/kit-feed.ts,154,Polish & Shine,step 4 title,ui-static,P0,pending,
marketing.kit.product_feed.steps.step4.description,marketing,src/lib/products/feed/kit-feed.ts,157,"On finit au polissoir bleu ciel — l’ongle devient miroir, sans vernis, sans abrasion.",step 4 description,ui-static,P0,pending,
marketing.kit.product_feed.steps.step4.duration,marketing,src/lib/products/feed/kit-feed.ts,159,1 min,step 4 duration,ui-static,P0,pending,
marketing.kit.product_feed.steps.step4.badge_result,marketing,src/components/sections/StepCard.tsx,74,Résultat,step 4 badge,ui-static,P0,pending,
marketing.kit.product_feed.claims.naturel.label,marketing,src/lib/products/feed/kit-feed.ts,197,Ingrédients d’origine naturelle,claim label,ui-static,P0,pending,
marketing.kit.product_feed.claims.naturel.detail,marketing,src/lib/products/feed/kit-feed.ts,198,"Cire d’abeille, jojoba, kaolin, poudre de riz — manucure japonaise.",claim detail,ui-static,P0,pending,
marketing.kit.product_feed.claims.agressif.label,marketing,src/lib/products/feed/kit-feed.ts,202,Sans produits chimiques agressifs,claim label,ui-static,P0,pending,
marketing.kit.product_feed.claims.agressif.detail,marketing,src/lib/products/feed/kit-feed.ts,203,"Ni acétone, ni phtalates, ni toluene — la plaque respire.",claim detail,ui-static,P0,pending,
marketing.kit.product_feed.claims.eclatants.label,marketing,src/lib/products/feed/kit-feed.ts,207,Pour des ongles forts et éclatants,claim label,ui-static,P0,pending,
marketing.kit.product_feed.claims.eclatants.detail,marketing,src/lib/products/feed/kit-feed.ts,208,Kératine renforcée brillance lustrée au polissoir Step 4.,claim detail,ui-static,P0,pending,
marketing.kit.product_feed.social_proof.count_label_geo,marketing,src/lib/products/feed/kit-feed.ts,243,{count} maisons en France,social proof geo label,ui-static,P1,pending,interpolation count - 'maisons en France' alors qu'on est au Maroc — drift à corriger
marketing.kit.product_feed.social_proof.fallback_quote,marketing,src/lib/products/feed/kit-feed.ts,232,"Cinq minutes le soir, c’est devenu un signal de fin de journée.",social proof fallback,ui-static,P2,pending,
marketing.kit.product_feed.social_proof.fallback_author,marketing,src/lib/products/feed/kit-feed.ts,233,"Lina, Rabat",social proof fallback author,ui-static,P2,pending,
marketing.kit.pack_image_alt,marketing,src/components/sections/ProductFeedSection.tsx,87,"Kit FemiGlow — paste, powder et polissoir Step 4, posés sur fond crème",pack visual alt,ui-static,P2,pending,
marketing.kit.pack_visual.label_promesses,marketing,src/components/sections/ProductFeedSection.tsx,102,Promesses produit,promises section aria,ui-static,P2,pending,
marketing.kit.pack_visual.label_avis_clientes,marketing,src/components/sections/ProductFeedSection.tsx,112,Avis clientes,reviews aria label,ui-static,P2,pending,
marketing.maison.metadata.title,seo,src/app/(marketing)/maison/page.tsx,26,La maison — Rabat,maison page title,seo-meta,P0,pending,
marketing.maison.metadata.description,seo,src/app/(marketing)/maison/page.tsx,28,"FemiGlow, maison de soin pour les ongles éditée à Rabat par notre fondatrice, biologiste et formulatrice. L’origine, l’atelier au 25 bis avenue Patrice Lumumba, les matières, les engagements halal et locaux.",maison page description,seo-meta,P0,pending,
marketing.maison.metadata.og_title,seo,src/app/(marketing)/maison/page.tsx,32,La maison FemiGlow — Rabat,maison og title,seo-meta,P1,pending,
marketing.maison.metadata.og_description,seo,src/app/(marketing)/maison/page.tsx,34,"Maison de soin pour les ongles, éditée à Rabat. Manucure japonaise halal.",maison og description,seo-meta,P1,pending,
marketing.maison.metadata.og_alt,seo,src/app/(marketing)/maison/page.tsx,20,FemiGlow — La maison,maison og alt,seo-meta,P2,pending,
marketing.maison.hero.kicker,marketing,src/data/mock/maison.ts,11,La maison,maison hero kicker,mock-data,P0,pending,
marketing.maison.hero.title,marketing,src/data/mock/maison.ts,12,La maison d’éclat.,maison hero title,mock-data,P0,pending,
marketing.maison.hero.subtitle,marketing,src/data/mock/maison.ts,13,"Une maison de soin pour les ongles, éditée à Rabat. Lente, attentive, située au 25 bis avenue Patrice Lumumba.",maison hero subtitle,mock-data,P0,pending,
marketing.maison.hero.cta_label,marketing,src/data/mock/maison.ts,17,Découvrir l’atelier →,maison hero cta,mock-data,P0,pending,
marketing.maison.origine.kicker,marketing,src/data/mock/maison.ts,21,L’origine,maison origine kicker,mock-data,P0,pending,
marketing.maison.origine.titre,marketing,src/data/mock/maison.ts,22,Une attention partie d’un constat simple.,maison origine title,mock-data,P0,pending,
marketing.maison.origine.paragraph_1,marketing,src/data/mock/maison.ts,24,"FemiGlow est né d’un constat simple : les ongles tiennent quand on leur prête le temps qu’ils demandent. Pas plus, pas moins. Cinq minutes le soir, deux gestes mesurés et un polissoir.",maison origine paragraph,mock-data,P0,pending,
marketing.maison.origine.paragraph_2,marketing,src/data/mock/maison.ts,25,"L’idée a pris forme à Rabat, dans un atelier de l’avenue Patrice Lumumba où la lumière tombe juste avant 18 heures. Trois métiers se sont assis autour d’une table : la formulation, la matière, l’écriture. Une seule conviction — la beauté lente est une attention, jamais une performance.",maison origine paragraph,mock-data,P0,pending,
marketing.maison.origine.paragraph_3,marketing,src/data/mock/maison.ts,26,"Notre fondatrice est biologiste. Elle a suivi plusieurs formations en fabrication cosmétique avant d’éditer ses premières marques de soins naturels. Aujourd’hui, elle anime des formations dans le même atelier où FemiGlow est conçu. Le rituel n’est pas une découverte — c’est une transmission.",maison origine paragraph,mock-data,P0,pending,
marketing.maison.fondatrice.kicker,marketing,src/data/mock/maison.ts,38,La fondatrice,fondatrice kicker,mock-data,P0,pending,
marketing.maison.fondatrice.titre,marketing,src/data/mock/maison.ts,39,"Notre fondatrice, biologiste et formulatrice.",fondatrice title,mock-data,P0,pending,
marketing.maison.fondatrice.paragraph_1,marketing,src/data/mock/maison.ts,41,"Notre fondatrice tient un master en biologie. Elle a suivi plusieurs formations spécialisées en fabrication de produits cosmétiques. Avant FemiGlow, elle a édité plusieurs marques de soins naturels — et chacune lui a appris quelque chose sur le geste, la matière, la traçabilité.",fondatrice paragraph,mock-data,P0,pending,
marketing.maison.fondatrice.paragraph_2,marketing,src/data/mock/maison.ts,42,"Elle anime aujourd’hui des formations dans l’atelier de Rabat, ouvertes aux jeunes formulatrices marocaines. FemiGlow est sa maison la plus lente.",fondatrice paragraph,mock-data,P0,pending,
marketing.maison.atelier.adresse,marketing,src/data/mock/maison.ts,53,25 bis avenue Patrice Lumumba,atelier address,mock-data,P0,pending,
marketing.maison.atelier.quartier,marketing,src/data/mock/maison.ts,54,Rabat,atelier district,mock-data,P0,pending,
marketing.maison.atelier.description_1,marketing,src/data/mock/maison.ts,56,"L’atelier tient dans deux pièces calmes : un plan de travail clair, une bibliothèque d’ouvrages techniques et de carnets, des échantillons de matières rangés par saison.",atelier desc paragraph,mock-data,P1,pending,
marketing.maison.atelier.description_2,marketing,src/data/mock/maison.ts,57,"On y formule en petites séries. On y reçoit notre fondatrice sur rendez-vous, le mardi et le jeudi, pour les formations et les consultations.",atelier desc paragraph,mock-data,P1,pending,
marketing.maison.matieres.cire.nom,marketing,src/data/mock/maison.ts,83,Cire d’abeille,matiere cire,mock-data,P1,pending,
marketing.maison.matieres.cire.origine,marketing,src/data/mock/maison.ts,84,"Récoltée dans le Souss, en partenariat avec une coopérative familiale.",matiere origin,mock-data,P1,pending,
marketing.maison.matieres.cire.pourquoi,marketing,src/data/mock/maison.ts,85,Adoucit le sertissage de l’ongle et tient la paste sans la rigidifier.,matiere pourquoi,mock-data,P1,pending,
marketing.maison.matieres.jojoba.nom,marketing,src/data/mock/maison.ts,91,Huile de jojoba,matiere jojoba,mock-data,P1,pending,
marketing.maison.matieres.jojoba.origine,marketing,src/data/mock/maison.ts,92,"Pressée à froid dans le Souss-Massa, filière marocaine.",matiere jojoba origine,mock-data,P1,pending,
marketing.maison.matieres.jojoba.pourquoi,marketing,src/data/mock/maison.ts,93,Cire liquide qui imite le sébum cutané — nourrit sans graisser.,matiere jojoba pourquoi,mock-data,P1,pending,
marketing.maison.matieres.kaolin.nom,marketing,src/data/mock/maison.ts,99,Kaolin polissant,matiere kaolin,mock-data,P1,pending,
marketing.maison.matieres.kaolin.origine,marketing,src/data/mock/maison.ts,100,"Argile minière marocaine, carrière de Marrakech.",matiere kaolin origin,mock-data,P1,pending,
marketing.maison.matieres.kaolin.pourquoi,marketing,src/data/mock/maison.ts,101,Polit l’ongle sans l’assécher — c’est lui qui anime le polissoir Step 4.,matiere kaolin pourquoi,mock-data,P1,pending,
marketing.maison.matieres.riz.nom,marketing,src/data/mock/maison.ts,107,Poudre de riz,matiere riz,mock-data,P1,pending,
marketing.maison.matieres.riz.origine,marketing,src/data/mock/maison.ts,108,"Cultures biologiques d’Asie, filière tracée.",matiere riz origine,mock-data,P1,pending,
marketing.maison.matieres.riz.pourquoi,marketing,src/data/mock/maison.ts,109,Absorbant doux — c’est elle qui donne à la powder sa finition mate juste avant la brillance.,matiere riz pourquoi,mock-data,P1,pending,
marketing.maison.engagements.sourcing.titre,marketing,src/data/mock/maison.ts,117,Sourcing direct,engagement sourcing,mock-data,P1,pending,
marketing.maison.engagements.sourcing.description,marketing,src/data/mock/maison.ts,119,Chaque matière est tracée jusqu’à son atelier d’origine. Aucun intermédiaire anonyme.,engagement sourcing detail,mock-data,P1,pending,
marketing.maison.engagements.halal.titre,marketing,src/data/mock/maison.ts,123,Certification halal,engagement halal,mock-data,P1,pending,
marketing.maison.engagements.halal.description,marketing,src/data/mock/maison.ts,125,Chaque matière est tracée. Notre fabricant est audité par le Halal Cosmetics Council. Le label figure sur chaque pot et sur le polissoir.,engagement halal detail,mock-data,P1,pending,
marketing.maison.engagements.vernis.titre,marketing,src/data/mock/maison.ts,129,Sans vernis,engagement vernis,mock-data,P1,pending,
marketing.maison.engagements.vernis.description,marketing,src/data/mock/maison.ts,131,"Pas de résine plastique, pas de solvant fort. Le soin se voit à l’ongle, pas dans l’air.",engagement vernis detail,mock-data,P1,pending,
marketing.maison.engagements.rituel.titre,marketing,src/data/mock/maison.ts,135,Rituel lent,engagement rituel,mock-data,P1,pending,
marketing.maison.engagements.rituel.description,marketing,src/data/mock/maison.ts,137,"Tout est calibré pour cinq minutes le soir. Plus court, c’est de la cosmétique. Plus long, c’est une corvée.",engagement rituel detail,mock-data,P1,pending,
marketing.maison.engagements.local.titre,marketing,src/data/mock/maison.ts,141,Local,engagement local,mock-data,P1,pending,
marketing.maison.engagements.local.description,marketing,src/data/mock/maison.ts,143,"Conditionné, étiqueté, expédié depuis Rabat. Quand c’est possible, on garde la chaîne courte.",engagement local detail,mock-data,P1,pending,
marketing.maison.engagements.transmission.titre,marketing,src/data/mock/maison.ts,147,Transmission,engagement transmission,mock-data,P1,pending,
marketing.maison.engagements.transmission.description,marketing,src/data/mock/maison.ts,149,"Notre équipe forme régulièrement des esthéticiennes et des formulatrices à la manucure japonaise, dans l’atelier de Rabat.",engagement transmission detail,mock-data,P1,pending,
marketing.maison.engagements.section.kicker,marketing,src/components/sections/EngagementsGrid.tsx,17,Les six engagements,engagements section kicker,ui-static,P1,pending,
marketing.maison.engagements.section.title,marketing,src/components/sections/EngagementsGrid.tsx,19,Six lignes qui ne bougent pas.,engagements section title,ui-static,P1,pending,
marketing.maison.matieres.section.kicker,marketing,src/components/sections/MatieresGrid.tsx,17,Les matières,matieres section kicker,ui-static,P1,pending,
marketing.maison.matieres.section.title,marketing,src/components/sections/MatieresGrid.tsx,19,"Quatre matières, choisies une à une.",matieres section title,ui-static,P1,pending,
marketing.maison.atelier.section.kicker,marketing,src/components/sections/AtelierGallery.tsx,43,L’atelier,atelier section kicker,ui-static,P1,pending,
marketing.maison.atelier.section.title,marketing,src/components/sections/AtelierGallery.tsx,45,"Rabat, deux pièces calmes.",atelier section title,ui-static,P1,pending,
marketing.maison.atelier.gallery_label,marketing,src/components/sections/AtelierGallery.tsx,66,"Voir la photo : {alt}",gallery view aria,ui-static,P2,pending,interpolation alt
marketing.maison.crosslinks.rituel.kicker,marketing,src/data/mock/maison.ts,156,Le rituel,crosslink rituel kicker,mock-data,P1,pending,
marketing.maison.crosslinks.rituel.titre,marketing,src/data/mock/maison.ts,157,Lire le rituel,crosslink rituel cta,mock-data,P1,pending,
marketing.maison.crosslinks.journal.kicker,marketing,src/data/mock/maison.ts,168,Le journal,crosslink journal kicker,mock-data,P1,pending,
marketing.maison.crosslinks.journal.titre,marketing,src/data/mock/maison.ts,169,Le journal,crosslink journal cta,mock-data,P1,pending,
marketing.maison.crosslinks.kit.kicker,marketing,src/data/mock/maison.ts,180,Le pack,crosslink kit kicker,mock-data,P1,pending,
marketing.maison.crosslinks.kit.titre,marketing,src/data/mock/maison.ts,181,Voir le pack,crosslink kit cta,mock-data,P1,pending,
marketing.rituel.metadata.title,seo,src/app/(marketing)/rituel/page.tsx,24,"Le rituel — manucure japonaise halal, deux gestes",rituel page title,seo-meta,P0,pending,
marketing.rituel.metadata.description,seo,src/app/(marketing)/rituel/page.tsx,26,"Origine japonaise, sciences du soin, interview de notre fondatrice à Rabat. Le rituel FemiGlow raconté sans précipitation.",rituel page description,seo-meta,P0,pending,
marketing.rituel.metadata.og_title,seo,src/app/(marketing)/rituel/page.tsx,30,Le rituel FemiGlow,rituel og title,seo-meta,P1,pending,
marketing.rituel.metadata.og_description,seo,src/app/(marketing)/rituel/page.tsx,31,"Deux gestes, un polissoir, une méthode lente, racontée à Rabat.",rituel og description,seo-meta,P1,pending,
marketing.rituel.howto.name,seo,src/app/(marketing)/rituel/page.tsx,62,Le rituel FemiGlow,howto schema name,seo-meta,P1,pending,
marketing.rituel.howto.description,seo,src/app/(marketing)/rituel/page.tsx,63,"Deux gestes et un polissoir en cinq minutes pour le soin lent des ongles, expliqués pas à pas — manucure japonaise halal.",howto schema description,seo-meta,P1,pending,
marketing.rituel.hero.kicker,marketing,src/data/mock/rituel.ts,10,LE RITUEL,rituel hero kicker,mock-data,P0,pending,en MAJUSCULES — à normaliser
marketing.rituel.hero.title,marketing,src/data/mock/rituel.ts,11,"Manucure japonaise. Deux gestes. Un éclat lent.",rituel hero title,mock-data,P0,pending,
marketing.rituel.hero.subtitle,marketing,src/data/mock/rituel.ts,12,"Une méthode lente, racontée à Rabat.",rituel hero subtitle,mock-data,P0,pending,
marketing.rituel.hero.image_alt,marketing,src/data/mock/rituel.ts,15,"Mains au repos sur un drap de lin clair, lumière oblique de fin de matinée",rituel hero image alt,mock-data,P2,pending,
marketing.rituel.origine.kicker,marketing,src/data/mock/rituel.ts,21,Origine,rituel origine kicker,mock-data,P0,pending,
marketing.rituel.origine.titre,marketing,src/data/mock/rituel.ts,22,"Une attention venue du Japon, transmise à Rabat.",rituel origine title,mock-data,P0,pending,
marketing.rituel.origine.paragraph_1,marketing,src/data/mock/rituel.ts,24,"Au Japon, le soin de la main n’est pas un produit : c’est une attention quotidienne, lente, sans déclaration. La manucure japonaise — connue aussi sous les noms « kawaii » ou « chigiri » — remonte au début du XXᵉ siècle. Elle révèle la brillance naturelle de l’ongle par polissage, sans vernis.",rituel origine paragraph,mock-data,P0,pending,
marketing.rituel.origine.paragraph_2,marketing,src/data/mock/rituel.ts,25,"Notre fondatrice a rapporté ce geste d’un voyage de formation. Elle l’a réinscrit dans un référentiel marocain : matières locales, certification halal, atelier au 25 bis avenue Patrice Lumumba, à Rabat.",rituel origine paragraph,mock-data,P0,pending,
marketing.rituel.origine.paragraph_3,marketing,src/data/mock/rituel.ts,26,"Le résultat tient en cinq minutes par jour. Pas de promesse, pas de cure. Une habitude qui s’installe, comme on dépose une tasse sur une table en bois.",rituel origine paragraph,mock-data,P0,pending,
marketing.rituel.video.transcript,marketing,src/data/mock/rituel.ts,51,"La grande tendance clean girl pour les nails, c’est la manucure japonaise. Par contre, il y a quelque chose que vous devez absolument savoir...",video transcript,mock-data,P2,pending,longue chaine - à séparer en paragraphes
marketing.rituel.video.duration_display,marketing,src/data/mock/rituel.ts,61,90″,video duration,mock-data,P1,pending,caractère spécial - DPRI tag
marketing.rituel.video.provenance,marketing,src/data/mock/rituel.ts,60,"Filmé à l’atelier de Rabat, mars 2026.",video provenance,mock-data,P2,pending,
marketing.rituel.video.chapter.paste,marketing,src/data/mock/rituel.ts,55,Paste,video chapter,mock-data,P1,pending,
marketing.rituel.video.chapter.powder,marketing,src/data/mock/rituel.ts,56,Powder,video chapter,mock-data,P1,pending,
marketing.rituel.video.chapter.step4,marketing,src/data/mock/rituel.ts,57,Step 4,video chapter,mock-data,P1,pending,
marketing.rituel.video.chapter.polissage,marketing,src/data/mock/rituel.ts,58,Polissage,video chapter,mock-data,P1,pending,
marketing.rituel.sciences.section.kicker,marketing,src/components/sections/SciencesDuSoin.tsx,33,Sciences du soin,sciences section kicker,ui-static,P1,pending,
marketing.rituel.sciences.title,marketing,src/data/mock/rituel.ts,65,"Trois matières, trois usages.",sciences section title,mock-data,P1,pending,
marketing.rituel.sciences.essai.cire.titre,marketing,src/data/mock/rituel.ts,69,La cire d’abeille,sciences essai cire title,mock-data,P1,pending,
marketing.rituel.sciences.essai.cire.paragraphe,marketing,src/data/mock/rituel.ts,70,Filme la plaque sans l’étouffer. Une étude clinique sur 12 semaines a observé une réduction des microfissures dorsales chez les sujets exposés au froid sec¹.,sciences essai cire body,mock-data,P1,pending,exposant unicode
marketing.rituel.sciences.essai.kaolin.titre,marketing,src/data/mock/rituel.ts,76,Le kaolin polissant,sciences essai kaolin title,mock-data,P1,pending,
marketing.rituel.sciences.essai.kaolin.paragraphe,marketing,src/data/mock/rituel.ts,77,"Argile blanche douce. Quand l’ongle est lissé, le polissoir Step 4 ne grave pas — il révèle la brillance naturelle de la kératine².",sciences essai kaolin body,mock-data,P1,pending,
marketing.rituel.sciences.essai.halal.titre,marketing,src/data/mock/rituel.ts,83,Le référentiel halal,sciences essai halal title,mock-data,P1,pending,
marketing.rituel.sciences.essai.halal.paragraphe,marketing,src/data/mock/rituel.ts,84,"Traçabilité des matières, absence d’alcool dénaturé, absence de dérivés animaux non conformes. Le label suit un audit du Halal Cosmetics Council³.",sciences essai halal body,mock-data,P1,pending,
marketing.rituel.sciences.source_1,marketing,src/data/mock/rituel.ts,89,Tanaka H. (2021). Beeswax-based barrier creams in cold-induced nail fragility. Journal of Cosmetic Dermatology 20(4).,academic source citation,mock-data,P2,pending,
marketing.rituel.sciences.source_2,marketing,src/data/mock/rituel.ts,90,Benyahia L. (2019). Kaolin clay polishing in non-invasive nail care. Annales de Dermatologie et de Vénéréologie 146(8).,academic source citation,mock-data,P2,pending,
marketing.rituel.sciences.source_3,marketing,src/data/mock/rituel.ts,91,Halal Cosmetics Council (2023). Standards for halal cosmetic ingredient sourcing and certification — public framework.,academic source citation,mock-data,P2,pending,
marketing.rituel.interview.section.kicker,marketing,src/components/sections/InterviewQR.tsx,61,Conversation,interview section kicker,ui-static,P1,pending,
marketing.rituel.interview.introduction,marketing,src/data/mock/rituel.ts,97,"notre fondatrice a posé son atelier au 25 bis avenue Patrice Lumumba, à Rabat. Elle y formule, et elle y enseigne — d’autres marques de cosmétiques naturels passent par ses mains. Nous lui avons demandé comment le rituel s’enseigne.",interview intro,mock-data,P1,pending,
marketing.rituel.interview.nom_interviewee,marketing,src/data/mock/rituel.ts,104,Notre fondatrice,interview name,mock-data,P1,pending,
marketing.rituel.interview.q1.question,marketing,src/data/mock/rituel.ts,108,"Vous êtes biologiste de formation. Pourquoi avoir choisi le geste plutôt que le laboratoire ?",interview q1,mock-data,P1,pending,
marketing.rituel.interview.q1.reponse,marketing,src/data/mock/rituel.ts,110,"Le laboratoire m’a appris l’INCI. Le geste m’a appris la patience. Les deux se complètent — et c’est ce que je transmets dans mes formations à Rabat.",interview r1,mock-data,P1,pending,
marketing.rituel.interview.q2.question,marketing,src/data/mock/rituel.ts,115,Pourquoi la manucure japonaise ?,interview q2,mock-data,P1,pending,
marketing.rituel.interview.q2.reponse,marketing,src/data/mock/rituel.ts,117,"Parce qu’elle ne triche pas. Elle révèle au lieu de couvrir. Le vernis colore — le rituel polit.",interview r2,mock-data,P1,pending,
marketing.rituel.interview.q3.question,marketing,src/data/mock/rituel.ts,121,Qu’est-ce que le halal change dans une formulation ?,interview q3,mock-data,P1,pending,
marketing.rituel.interview.q3.reponse,marketing,src/data/mock/rituel.ts,123,"Tout. Origine des matières, traçabilité, absence d’alcool dénaturé, absence de gélatine animale. Ce n’est pas un argument marketing — c’est un référentiel de fabrication.",interview r3,mock-data,P1,pending,
marketing.rituel.interview.q4.question,marketing,src/data/mock/rituel.ts,127,"Cinq minutes par jour, c’est peu. Pourquoi pas plus ?",interview q4,mock-data,P1,pending,
marketing.rituel.interview.q4.reponse,marketing,src/data/mock/rituel.ts,129,"Parce que l’ongle pousse de 0,1 mm par jour. Cinq minutes suffisent à l’accompagner. Plus serait inutile. Moins serait infidèle.",interview r4,mock-data,P1,pending,
marketing.rituel.interview.q5.question,marketing,src/data/mock/rituel.ts,133,Que conseilleriez-vous à une initiée qui commence ?,interview q5,mock-data,P1,pending,
marketing.rituel.interview.q5.reponse,marketing,src/data/mock/rituel.ts,135,"Commencez par la paste. Pendant une semaine, rien d’autre. Vous verrez ce que vos ongles vous racontent. Le polissoir arrive ensuite.",interview r5,mock-data,P1,pending,
marketing.rituel.pivot.phrase,marketing,src/data/mock/rituel.ts,140,Maintenant que vous savez. Recevoir le pack.,pivot banner phrase,mock-data,P1,pending,
marketing.rituel.pivot.cta_label,marketing,src/data/mock/rituel.ts,142,Recevoir le pack — 199 dh,pivot cta with price,mock-data,P1,pending,prix hardcodé - à dynamiser
marketing.rituel.journal_cross.kicker,marketing,src/app/(marketing)/rituel/page.tsx,101,Pour aller plus loin,journal cross kicker,ui-static,P1,pending,
marketing.rituel.journal_cross.title,marketing,src/app/(marketing)/rituel/page.tsx,102,Trois lectures de la maison.,journal cross title,ui-static,P1,pending,
marketing.contact.metadata.title,seo,src/app/(marketing)/contact/page.tsx,20,Contact — la maison vous écrit,contact page title,seo-meta,P0,pending,
marketing.contact.metadata.description,seo,src/app/(marketing)/contact/page.tsx,22,"Une question sur le rituel, le pack, une commande, une formation ? Écrivez à la maison FemiGlow depuis Rabat (25 bis avenue Patrice Lumumba).",contact page description,seo-meta,P0,pending,
marketing.contact.metadata.og_description,seo,src/app/(marketing)/contact/page.tsx,27,La maison vous répond sous 24 heures ouvrées.,contact og description,seo-meta,P1,pending,
marketing.contact.hero.kicker,marketing,src/components/sections/ContactHero.tsx,15,Écrire à la maison,contact hero kicker,ui-static,P0,pending,
marketing.contact.hero.title,marketing,src/components/sections/ContactHero.tsx,17,Contact.,contact hero title,ui-static,P0,pending,
marketing.contact.hero.subtitle,marketing,src/components/sections/ContactHero.tsx,20,"Une question sur le rituel, le kit, une commande, un échange professionnel ?",contact hero subtitle,ui-static,P0,pending,
marketing.contact.form.section_title,marketing,src/app/(marketing)/contact/page.tsx,119,Écrire à la maison.,contact form section heading,ui-static,P0,pending,
marketing.contact.form.type.question,marketing,src/components/forms/FormTypeSelector.tsx,12,Une question,contact form type option,ui-static,P0,pending,
marketing.contact.form.type.order,marketing,src/components/forms/FormTypeSelector.tsx,13,Une commande,contact form type option,ui-static,P0,pending,
marketing.contact.form.type.professional,marketing,src/components/forms/FormTypeSelector.tsx,14,Un échange professionnel,contact form type option,ui-static,P0,pending,
marketing.contact.form.type.legend,marketing,src/components/forms/FormTypeSelector.tsx,28,Quel type de message ?,form type legend,ui-static,P0,pending,
marketing.contact.form.field.name,marketing,src/components/forms/ContactForm.tsx,169,Votre prénom,form name field,ui-static,P0,pending,
marketing.contact.form.field.email,marketing,src/components/forms/ContactForm.tsx,177,Votre email,form email field,ui-static,P0,pending,
marketing.contact.form.field.phone,marketing,src/components/forms/ContactForm.tsx,209,Téléphone,form phone field,ui-static,P0,pending,
marketing.contact.form.field.company,marketing,src/components/forms/ContactForm.tsx,219,Raison sociale,form company field,ui-static,P0,pending,
marketing.contact.form.field.role,marketing,src/components/forms/ContactForm.tsx,228,Votre fonction,form role field,ui-static,P0,pending,
marketing.contact.form.field.order_number,marketing,src/components/forms/ContactForm.tsx,193,Numéro de commande,form order number field,ui-static,P0,pending,
marketing.contact.form.field.order_number_hint,marketing,src/components/forms/ContactForm.tsx,194,Le numéro figure dans votre email de confirmation.,form order number hint,ui-static,P1,pending,
marketing.contact.form.field.message,marketing,src/components/forms/ContactForm.tsx,238,Votre message,form message field,ui-static,P0,pending,
marketing.contact.form.field.message_hint,marketing,src/components/forms/ContactForm.tsx,239,"Au moins 20 caractères, pour que nous puissions répondre justement.",form message hint,ui-static,P0,pending,
marketing.contact.form.honeypot_label,marketing,src/components/forms/ContactForm.tsx,156,Site web (ne pas remplir),honeypot label,ui-static,P2,pending,a11y trap
marketing.contact.form.newsletter_consent,marketing,src/components/forms/ContactForm.tsx,280,"Je souhaite recevoir la lettre saisonnière. Une lettre par saison. Aucun envoi commercial.",newsletter checkbox label,ui-static,P0,pending,
marketing.contact.form.submit,marketing,src/components/forms/ContactForm.tsx,294,Envoyer mon message,form submit cta,ui-static,P0,pending,
marketing.contact.form.success.title,marketing,src/components/forms/SuccessState.tsx,25,Bien reçu. La maison vous répond.,success state title,ui-static,P0,pending,
marketing.contact.form.success.body,marketing,src/components/forms/SuccessState.tsx,28,"Nous lisons chaque message avec attention. Réponse sous 24 heures ouvrées.",success state body,ui-static,P0,pending,
marketing.contact.form.error.body,marketing,src/components/forms/ErrorState.tsx,11,L’envoi n’a pas abouti. Réessayez ou écrivez-nous à {email}.,error state body,ui-static,P0,pending,interpolation email
marketing.contact.faq.kicker,marketing,src/components/sections/FAQAccordion.tsx,20,Foire aux questions,contact faq kicker,ui-static,P1,pending,
marketing.contact.faq.title,marketing,src/components/sections/FAQAccordion.tsx,22,Réponses rapides.,contact faq title,ui-static,P1,pending,
marketing.contact.faq.duree.question,marketing,src/app/(marketing)/contact/page.tsx,41,Combien de temps dure le rituel ?,contact faq question,ui-static,P1,pending,
marketing.contact.faq.duree.answer,marketing,src/app/(marketing)/contact/page.tsx,42,"Cinq minutes par soir, mains posées. Deux gestes — paste, powder — puis le polissoir Step 4 en finition. La maison conseille un passage par jour pour installer la cadence.",contact faq answer,ui-static,P1,pending,
marketing.contact.faq.fragiles.question,marketing,src/app/(marketing)/contact/page.tsx,46,"Mes ongles sont fragiles, est-ce indiqué ?",contact faq question,ui-static,P1,pending,
marketing.contact.faq.fragiles.answer,marketing,src/app/(marketing)/contact/page.tsx,47,"Oui. Les matières sont choisies pour réparer sans agresser : cire d’abeille, jojoba, talc cosmétique, poudre de riz, kaolin polissant. Aucun acétone, aucun durcisseur. Évitez seulement en cas d’allergie connue à l’un des ingrédients ; la liste complète figure sur la page Pack.",contact faq answer,ui-static,P1,pending,
marketing.contact.faq.livraison.question,marketing,src/app/(marketing)/contact/page.tsx,52,Quels sont les délais de livraison ?,contact faq question livraison,ui-static,P1,pending,
marketing.contact.faq.livraison.answer,marketing,src/app/(marketing)/contact/page.tsx,53,"Rabat : 24 heures. Casablanca et Salé : 24 à 48 heures. Reste du Maroc : 48 à 72 heures. Livraison offerte au Maroc, sans seuil. À l’international, écrivez-nous, nous étudions chaque envoi à la main.",contact faq answer livraison,ui-static,P1,pending,
marketing.contact.faq.formation.question,marketing,src/app/(marketing)/contact/page.tsx,58,Comment suivre une formation avec notre équipe ?,contact faq question formation,ui-static,P1,pending,
marketing.contact.faq.formation.answer,marketing,src/app/(marketing)/contact/page.tsx,59,"Notre fondatrice anime des formations à la manucure japonaise et à la fabrication cosmétique dans l’atelier de Rabat. Écrivez à info@femiglow-maroc.com en précisant votre profil (esthéticienne, formulatrice, école). Nous répondons sous trois jours.",contact faq answer formation,ui-static,P1,pending,
marketing.contact.faq.echantillon.question,marketing,src/app/(marketing)/contact/page.tsx,63,Puis-je recevoir un échantillon avant achat ?,contact faq question echantillon,ui-static,P1,pending,
marketing.contact.faq.echantillon.answer,marketing,src/app/(marketing)/contact/page.tsx,64,"En cas d’hésitation pour cause d’allergie, nous adressons un échantillon de la paste avant l’envoi du pack complet. Écrivez-nous en précisant l’ingrédient qui vous inquiète.",contact faq answer echantillon,ui-static,P1,pending,
marketing.contact.crosslinks.rituel,marketing,src/app/(marketing)/contact/page.tsx,71,Lire le rituel,contact crosslink rituel,ui-static,P1,pending,
marketing.contact.crosslinks.kit,marketing,src/app/(marketing)/contact/page.tsx,72,Voir le pack,contact crosslink kit,ui-static,P1,pending,
marketing.contact.crosslinks.maison,marketing,src/app/(marketing)/contact/page.tsx,73,La maison,contact crosslink maison,ui-static,P1,pending,
marketing.contact.direct.kicker_write,marketing,src/components/sections/DirectContactBlock.tsx,17,Écrire,direct contact write block,ui-static,P0,pending,
marketing.contact.direct.kicker_atelier,marketing,src/components/sections/DirectContactBlock.tsx,31,Atelier,direct contact atelier block,ui-static,P0,pending,
marketing.contact.direct.response_time,marketing,src/components/sections/DirectContactBlock.tsx,27,"Réponse sous 24 heures ouvrées, depuis Rabat.",response time hint,ui-static,P0,pending,
marketing.contact.direct.appointment_only,marketing,src/components/sections/DirectContactBlock.tsx,38,Sur rendez-vous.,appointment only hint,ui-static,P0,pending,
marketing.journal.metadata.title_base,seo,src/app/(marketing)/journal/page.tsx,36,Le carnet de la maison{suffix},journal page title,seo-meta,P1,pending,interpolation suffix
marketing.journal.metadata.description_default,seo,src/app/(marketing)/journal/page.tsx,32,"Le carnet de la maison FemiGlow — récits saisonniers, matières et voix d’initiées, écrits à Rabat et publiés au rythme des saisons.",journal page description,seo-meta,P1,pending,
marketing.journal.metadata.description_filtered,seo,src/app/(marketing)/journal/page.tsx,31,"Journal FemiGlow — articles de la catégorie {category}, écrits à Rabat.",journal filtered desc,seo-meta,P1,pending,interpolation category
marketing.journal.hero.title,marketing,src/components/sections/JournalHero.tsx,14,Le carnet de la maison.,journal hero title,ui-static,P0,pending,
marketing.journal.hero.description,marketing,src/components/sections/JournalHero.tsx,17,"Une lettre par mois. Sur le rituel, les matières marocaines, l'inspiration japonaise. Écrit à Rabat. Lent comme le geste.",journal hero description,ui-static,P0,pending,
marketing.journal.cross.maison.kicker,marketing,src/app/(marketing)/journal/page.tsx,99,La maison,journal cross maison kicker,ui-static,P1,pending,
marketing.journal.cross.maison.title,marketing,src/app/(marketing)/journal/page.tsx,100,L’atelier de Rabat.,journal cross maison title,ui-static,P1,pending,
marketing.journal.cross.maison.description,marketing,src/app/(marketing)/journal/page.tsx,101,"Visiter l’adresse au 25 bis avenue Patrice Lumumba, comprendre comment se fabrique le rituel, rencontrer les voix qui l’écrivent.",journal cross maison body,ui-static,P1,pending,
marketing.journal.cross.maison.cta,marketing,src/app/(marketing)/journal/page.tsx,102,Visiter la maison,journal cross maison cta,ui-static,P1,pending,
marketing.journal.cross.maison.image_alt,marketing,src/app/(marketing)/journal/page.tsx,106,Vue intérieure de l’atelier FemiGlow à Rabat,journal cross maison alt,ui-static,P2,pending,
marketing.journal.grid.kicker,marketing,src/components/sections/JournalGrid.tsx,38,Le journal,journal grid kicker default,ui-static,P1,pending,
marketing.journal.grid.title,marketing,src/components/sections/JournalGrid.tsx,39,Lettres saisonnières.,journal grid title default,ui-static,P1,pending,
marketing.journal.grid.cta,marketing,src/components/sections/JournalGrid.tsx,40,Lire le journal,journal grid see all cta,ui-static,P1,pending,
marketing.journal.categories.all,marketing,src/lib/i18n/categories.ts,15,Toutes,category label all,ui-static,P0,pending,
marketing.journal.categories.maison,marketing,src/lib/i18n/categories.ts,16,Maison,category label maison,ui-static,P0,pending,
marketing.journal.categories.saison,marketing,src/lib/i18n/categories.ts,17,Saison,category label saison,ui-static,P0,pending,
marketing.journal.categories.voix,marketing,src/lib/i18n/categories.ts,18,Voix,category label voix,ui-static,P0,pending,
marketing.journal.categories.matieres,marketing,src/lib/i18n/categories.ts,19,Matières,category label matieres,ui-static,P0,pending,
marketing.journal.categories.pratique,marketing,src/lib/i18n/categories.ts,20,Pratique,category label pratique,ui-static,P0,pending,
marketing.journal.categories.aria,marketing,src/components/sections/CategoryPills.tsx,15,Filtrer le journal par catégorie,category pills aria,ui-static,P1,pending,
marketing.journal.article.title.hiver,marketing,src/data/mock/articles.ts,7,"Hiver, ongles, patience",article title,mock-data,P2,pending,
marketing.journal.article.kicker.hiver,marketing,src/data/mock/articles.ts,9,Saison,article kicker,mock-data,P2,pending,
marketing.journal.article.excerpt.hiver,marketing,src/data/mock/articles.ts,11,"Le froid sec de Rabat dessèche tout ce qui résiste. Les ongles plient, mais ne cassent pas — à condition de ralentir.",article excerpt,mock-data,P2,pending,
marketing.journal.article.title.matieres_ailleurs,marketing,src/data/mock/articles.ts,73,Matières d’ailleurs,article title,mock-data,P2,pending,
marketing.journal.article.excerpt.matieres_ailleurs,marketing,src/data/mock/articles.ts,77,"Le sourcing parle d’honnêteté. Voici ce qui compose vraiment notre soin, et d’où viennent les matières.",article excerpt,mock-data,P2,pending,
marketing.journal.article.title.paste_powder,marketing,src/data/mock/articles.ts,95,Paste et powder — deux gestes,article title,mock-data,P2,pending,
marketing.journal.article.excerpt.paste_powder,marketing,src/data/mock/articles.ts,99,"Deux gestes, un éclat. Tutorial sensoriel détaillé — paste, powder, polissoir Step 4.",article excerpt,mock-data,P2,pending,
marketing.journal.article.title.maison_printemps,marketing,src/data/mock/articles.ts,118,"La maison, au printemps",article title,mock-data,P2,pending,
marketing.journal.article.excerpt.maison_printemps,marketing,src/data/mock/articles.ts,121,L’atelier de Rabat change de souffle quand l’orange fleurit. Visite d’un mois où la lumière revient.,article excerpt,mock-data,P2,pending,
marketing.journal.article.title.voix_amal,marketing,src/data/mock/articles.ts,140,La voix d’Amal,article title,mock-data,P2,pending,
marketing.journal.article.excerpt.voix_amal,marketing,src/data/mock/articles.ts,143,"Trois mois de rituel, racontés par celle qui les a tenus. Sans promesse, sans avant-après caricatural.",article excerpt,mock-data,P2,pending,
marketing.journal.article.title.pluie_mars,marketing,src/data/mock/articles.ts,162,Pluie de mars,article title,mock-data,P2,pending,
marketing.journal.article.excerpt.pluie_mars,marketing,src/data/mock/articles.ts,165,"L’humidité revient sur la côte. Les cuticules respirent, les gestes peuvent s’espacer.",article excerpt,mock-data,P2,pending,
marketing.journal.article.title.kaolin,marketing,src/data/mock/articles.ts,184,La poudre de kaolin,article title,mock-data,P2,pending,
marketing.journal.article.excerpt.kaolin,marketing,src/data/mock/articles.ts,187,"Argile blanche, douce, neutre. Comment elle entre dans la base et pourquoi elle y reste.",article excerpt,mock-data,P2,pending,
marketing.journal.article.title.table_atelier,marketing,src/data/mock/articles.ts,206,La table comme atelier,article title,mock-data,P2,pending,
marketing.journal.article.excerpt.table_atelier,marketing,src/data/mock/articles.ts,209,"Préparer son espace avant de commencer. La nappe, la lumière, le verre d’eau.",article excerpt,mock-data,P2,pending,
marketing.journal.article.title.visiter_atelier,marketing,src/data/mock/articles.ts,228,Visiter l’atelier,article title,mock-data,P2,pending,
marketing.journal.article.excerpt.visiter_atelier,marketing,src/data/mock/articles.ts,231,"25 bis avenue Patrice Lumumba, Rabat. Comment on est arrivés ici, et ce qu’on y fabrique.",article excerpt,mock-data,P2,pending,
marketing.journal.article.title.voix_lina,marketing,src/data/mock/articles.ts,250,La voix de Lina,article title,mock-data,P2,pending,
marketing.journal.article.excerpt.voix_lina,marketing,src/data/mock/articles.ts,253,"Deux mois après, elle nous écrit. Ce qui a changé, ce qui n’a pas changé, et ce qu’elle attend de la suite.",article excerpt,mock-data,P2,pending,
marketing.journal.article.title.avril_soleil,marketing,src/data/mock/articles.ts,272,"Avril, soleil bas",article title,mock-data,P2,pending,
marketing.journal.article.excerpt.avril_soleil,marketing,src/data/mock/articles.ts,275,"Le soleil casablancais reprend sa hauteur. Les mains se découvrent, le rituel s’allège.",article excerpt,mock-data,P2,pending,
marketing.journal.article.title.argan_vraie,marketing,src/data/mock/articles.ts,294,"L’huile d’argan, vraie",article title,mock-data,P2,pending,
marketing.journal.article.excerpt.argan_vraie,marketing,src/data/mock/articles.ts,297,"Tiznit, coopératives, première pression. Pourquoi nous achetons direct, et combien ça coûte vraiment.",article excerpt,mock-data,P2,pending,
marketing.journal.article.title.ranger_rituel,marketing,src/data/mock/articles.ts,316,Ranger son rituel,article title,mock-data,P2,pending,
marketing.journal.article.excerpt.ranger_rituel,marketing,src/data/mock/articles.ts,319,"Le placard, le tiroir, la trousse. Comment garder les flacons en bon état d’une saison à l’autre.",article excerpt,mock-data,P2,pending,
marketing.journal.article.title.cuisine_laboratoire,marketing,src/data/mock/articles.ts,338,La cuisine comme laboratoire,article title,mock-data,P2,pending,
marketing.journal.article.excerpt.cuisine_laboratoire,marketing,src/data/mock/articles.ts,341,"Avant l’atelier, il y a eu la cuisine. Récit d’un commencement domestique.",article excerpt,mock-data,P2,pending,
marketing.journal.article.title.voix_sara,marketing,src/data/mock/articles.ts,360,La voix de Sara,article title,mock-data,P2,pending,
marketing.journal.article.excerpt.voix_sara,marketing,src/data/mock/articles.ts,363,"Quatre mois pleins. Sara raconte ses ongles, sa fatigue, ses doutes, et le geste qui s’est installé.",article excerpt,mock-data,P2,pending,
marketing.journal.article.author.equipe,marketing,src/data/mock/articles.ts,21,L'équipe FemiGlow,article author name,mock-data,P2,pending,utilisé sur 14 articles
marketing.journal.article.author.bio,marketing,src/data/mock/articles.ts,22,"Fondatrice de la maison FemiGlow. Biologiste et formulatrice, elle écrit depuis Rabat sur le saint lent et les matières du Maghreb.",article author bio,mock-data,P2,pending,
marketing.journal.article.body.hiver,marketing,src/data/mock/articles.ts,24,"Quand l'air sec descend sur Rabat en janvier...",article full body (markdown),mock-data,P2,pending,longue body markdown ~820 mots
marketing.journal.breadcrumb.home,marketing,src/app/(marketing)/journal/[slug]/page.tsx,101,Accueil,breadcrumb home,ui-static,P1,pending,
marketing.journal.breadcrumb.journal,marketing,src/app/(marketing)/journal/[slug]/page.tsx,102,Journal,breadcrumb journal,ui-static,P1,pending,
marketing.commerce.commander.metadata.title,seo,src/app/commander/page.tsx,8,Commander,commander page title,seo-meta,P0,pending,
marketing.commerce.commander.metadata.description,seo,src/app/commander/page.tsx,9,"Trois étapes mesurées pour confirmer votre commande FemiGlow : coordonnées, livraison, validation. Paiement à la livraison disponible.",commander page desc,seo-meta,P0,pending,
marketing.commerce.panier.metadata.title,seo,src/app/(commerce)/panier/page.tsx,12,Le panier,panier page title,seo-meta,P0,pending,
marketing.commerce.panier.metadata.description,seo,src/app/(commerce)/panier/page.tsx,13,"Le récapitulatif de votre rituel, avant la commande.",panier page desc,seo-meta,P0,pending,
marketing.commerce.merci.metadata.title,seo,src/app/(commerce)/merci/page.tsx,8,Merci,merci page title,seo-meta,P0,pending,
marketing.commerce.merci.metadata.description,seo,src/app/(commerce)/merci/page.tsx,9,"Votre commande FemiGlow est confirmée. Vous recevrez un message de la maison avec les étapes de préparation et de livraison.",merci page desc,seo-meta,P0,pending,
marketing.commerce.cart.hero.kicker,marketing,src/components/sections/CartHero.tsx,28,Le panier,cart hero kicker,ui-static,P0,pending,
marketing.commerce.cart.hero.title,marketing,src/components/sections/CartHero.tsx,30,Votre panier.,cart hero title,ui-static,P0,pending,
marketing.commerce.cart.hero.subtitle.empty,marketing,src/components/sections/CartHero.tsx,17,Aucun article pour le moment.,cart subtitle empty,ui-static,P0,pending,
marketing.commerce.cart.hero.subtitle.one,marketing,src/components/sections/CartHero.tsx,19,"Un article, rangé à l’abri.",cart subtitle one item,ui-static,P0,pending,ICU plural candidat
marketing.commerce.cart.hero.subtitle.many,marketing,src/components/sections/CartHero.tsx,20,"{count} articles, rangés à l’abri.",cart subtitle many items,ui-static,P0,pending,ICU plural / interpolation count
marketing.commerce.empty_cart.title,marketing,src/components/commerce/EmptyCartState.tsx,25,Le panier est vide.,empty cart title,ui-static,P0,pending,
marketing.commerce.empty_cart.subtitle,marketing,src/components/commerce/EmptyCartState.tsx,27,"Le rituel commence par un geste. Trois pots, cinq minutes.",empty cart subtitle,ui-static,P0,pending,
marketing.commerce.empty_cart.cta_primary,marketing,src/components/commerce/EmptyCartState.tsx,32,Découvrir le rituel,empty cart primary cta,ui-static,P0,pending,
marketing.commerce.empty_cart.cta_secondary,marketing,src/components/commerce/EmptyCartState.tsx,37,Voir le kit,empty cart secondary cta,ui-static,P0,pending,
marketing.commerce.cart_summary.heading,marketing,src/components/commerce/CartSummary.tsx,36,Votre commande.,cart summary heading,ui-static,P0,pending,
marketing.commerce.cart_summary.subtotal,marketing,src/components/commerce/CartSummary.tsx,42,Sous-total,cart summary subtotal,ui-static,P0,pending,
marketing.commerce.cart_summary.shipping_estimate,marketing,src/components/commerce/CartSummary.tsx,49,Livraison estimée,cart summary shipping,ui-static,P0,pending,
marketing.commerce.cart_summary.total,marketing,src/components/commerce/CartSummary.tsx,54,Total,cart summary total,ui-static,P0,pending,
marketing.commerce.cart_summary.shipping_hint,marketing,src/components/commerce/CartSummary.tsx,64,"Estimation, ajustée à l’étape suivante.",cart summary hint,ui-static,P0,pending,
marketing.commerce.cart_summary.cta,marketing,src/components/commerce/CartSummary.tsx,70,Commander,cart summary cta,ui-static,P0,pending,
marketing.commerce.cart_summary.footnote,marketing,src/components/commerce/CartSummary.tsx,75,"Vous pourrez modifier votre commande jusqu’à l’étape paiement.",cart summary footnote,ui-static,P0,pending,
marketing.commerce.cart_contents.label_quantity,marketing,src/components/commerce/CartContents.tsx,104,Quantité,cart contents qty label,ui-static,P0,pending,
marketing.commerce.cart_contents.label_remove,marketing,src/components/commerce/CartContents.tsx,121,Retirer,cart contents remove btn,ui-static,P0,pending,
marketing.commerce.cart_contents.subtotal,marketing,src/components/commerce/CartContents.tsx,138,Sous-total,cart contents subtotal,ui-static,P0,pending,
marketing.commerce.cart_contents.shipping_hint,marketing,src/components/commerce/CartContents.tsx,145,Livraison estimée à l’étape suivante.,cart contents ship hint,ui-static,P0,pending,
marketing.commerce.cart_contents.cta,marketing,src/components/commerce/CartContents.tsx,149,Passer commande,cart contents cta,ui-static,P0,pending,
marketing.commerce.cart_contents.continue,marketing,src/components/commerce/CartContents.tsx,154,Continuer à découvrir,cart contents continue link,ui-static,P0,pending,
marketing.commerce.cart_contents.empty.kicker,marketing,src/components/commerce/CartContents.tsx,69,Panier,cart contents empty kicker,ui-static,P0,pending,
marketing.commerce.cart_contents.empty.title,marketing,src/components/commerce/CartContents.tsx,71,Le panier est vide.,cart contents empty title,ui-static,P0,pending,
marketing.commerce.cart_contents.empty.subtitle,marketing,src/components/commerce/CartContents.tsx,73,"Le rituel commence par un kit. Trois gestes, cinq minutes.",cart contents empty subtitle,ui-static,P0,pending,
marketing.commerce.cart_contents.empty.cta,marketing,src/components/commerce/CartContents.tsx,79,Voir le kit,cart contents empty cta,ui-static,P0,pending,
marketing.commerce.cart_contents.unit,marketing,src/components/commerce/CartContents.tsx,98,l’unité,cart contents unit suffix,ui-static,P1,pending,
marketing.commerce.minicart.heading,marketing,src/components/commerce/MiniCartSlideOver.tsx,111,Votre rituel,minicart heading,ui-static,P0,pending,
marketing.commerce.minicart.close_aria,marketing,src/components/commerce/MiniCartSlideOver.tsx,94,Fermer le panier,minicart close aria,ui-static,P0,pending,
marketing.commerce.minicart.empty,marketing,src/components/commerce/MiniCartSlideOver.tsx,127,Votre rituel est encore à composer.,minicart empty hint,ui-static,P0,pending,
marketing.commerce.minicart.quantity_label,marketing,src/components/commerce/MiniCartSlideOver.tsx,136,Quantité {qty},minicart qty,ui-static,P1,pending,interpolation quantity
marketing.commerce.minicart.cta_revoir,marketing,src/components/commerce/MiniCartSlideOver.tsx,168,Revoir le panier,minicart cta,ui-static,P0,pending,
marketing.commerce.minicart.continue,marketing,src/components/commerce/MiniCartSlideOver.tsx,176,Continuer le rituel,minicart continue link,ui-static,P0,pending,
marketing.commerce.minicart.toast,marketing,src/components/commerce/AddToCartButton.tsx,87,Ajouté à votre rituel.,add to cart toast,ui-static,P0,pending,
marketing.commerce.trust_signals.kicker,marketing,src/components/sections/TrustSignals.tsx,94,Réassurance,trust signals kicker,ui-static,P0,pending,
marketing.commerce.trust_signals.title,marketing,src/components/sections/TrustSignals.tsx,101,Trois engagements simples.,trust signals title,ui-static,P0,pending,
marketing.commerce.trust_signals.livraison.title,marketing,src/components/sections/TrustSignals.tsx,16,Livraison offerte,trust signal title,ui-static,P0,pending,
marketing.commerce.trust_signals.livraison.body,marketing,src/components/sections/TrustSignals.tsx,17,Rabat : 24 heures. Reste du Maroc : 48 à 72 heures. Sans seuil ni surcoût.,trust signal body,ui-static,P0,pending,
marketing.commerce.trust_signals.retour.title,marketing,src/components/sections/TrustSignals.tsx,22,Retour 30 jours,trust signal title,ui-static,P0,pending,
marketing.commerce.trust_signals.retour.body,marketing,src/components/sections/TrustSignals.tsx,23,"Si le rituel ne vous va pas, nous reprenons — même entamé. Aucune justification à fournir.",trust signal body,ui-static,P0,pending,
marketing.commerce.trust_signals.paiement.title,marketing,src/components/sections/TrustSignals.tsx,28,Paiement à la livraison,trust signal title,ui-static,P0,pending,
marketing.commerce.trust_signals.paiement.body,marketing,src/components/sections/TrustSignals.tsx,29,"Vous ne payez qu’à la réception, après avoir vérifié votre commande. Aucun risque.",trust signal body,ui-static,P0,pending,
marketing.commerce.journal_cross_panier.kicker,marketing,src/app/(commerce)/panier/page.tsx,34,En attendant,panier journal cross kicker,ui-static,P1,pending,
marketing.commerce.journal_cross_panier.title,marketing,src/app/(commerce)/panier/page.tsx,35,Lire le journal de la maison.,panier journal cross title,ui-static,P1,pending,
marketing.commerce.journal_cross_panier.description,marketing,src/app/(commerce)/panier/page.tsx,36,Trois lettres par saison. Aucune urgence.,panier journal cross body,ui-static,P1,pending,
marketing.commerce.merci.order_hero.kicker,marketing,src/components/sections/OrderHero.tsx,29,La maison vous remercie,order hero kicker,ui-static,P0,pending,
marketing.commerce.merci.order_hero.title,marketing,src/components/sections/OrderHero.tsx,34,"Merci, {first_name}.",order hero title,ui-static,P0,pending,interpolation first_name
marketing.commerce.merci.order_hero.body,marketing,src/components/sections/OrderHero.tsx,37,"Votre commande est en bonnes mains. Vous recevrez un email de confirmation dans la minute, puis un second au moment de l’envoi.",order hero body,ui-static,P0,pending,
marketing.commerce.merci.order_hero.number_label,marketing,src/components/sections/OrderHero.tsx,44,Numéro de commande,order number label,ui-static,P0,pending,
marketing.commerce.merci.order_hero.estimate,marketing,src/components/sections/OrderHero.tsx,49,Estimation de livraison : entre le {min} et le {max}.,delivery estimate,ui-static,P0,pending,interpolation dates
marketing.commerce.merci.timeline.kicker,marketing,src/components/sections/TimelineSteps.tsx,31,Suivi de votre pack,timeline kicker,ui-static,P0,pending,
marketing.commerce.merci.timeline.title,marketing,src/components/sections/TimelineSteps.tsx,33,"Trois étapes, à votre rythme.",timeline title,ui-static,P0,pending,
marketing.commerce.merci.timeline.preparation,marketing,src/components/sections/TimelineSteps.tsx,7,Préparation,timeline step preparation,ui-static,P0,pending,
marketing.commerce.merci.timeline.preparation_hint,marketing,src/components/sections/TimelineSteps.tsx,8,"Sous 24 h, à la main, à Rabat.",timeline step hint,ui-static,P0,pending,
marketing.commerce.merci.timeline.expedition,marketing,src/components/sections/TimelineSteps.tsx,12,Expédition,timeline step expedition,ui-static,P0,pending,
marketing.commerce.merci.timeline.expedition_hint,marketing,src/components/sections/TimelineSteps.tsx,13,1 à 2 jours ouvrés après la préparation.,timeline step hint,ui-static,P0,pending,
marketing.commerce.merci.timeline.livraison,marketing,src/components/sections/TimelineSteps.tsx,17,Livraison,timeline step livraison,ui-static,P0,pending,
marketing.commerce.merci.timeline.livraison_hint,marketing,src/components/sections/TimelineSteps.tsx,18,Rabat 24 h · Maroc 48 à 72 h.,timeline step hint,ui-static,P0,pending,
marketing.commerce.merci.letter.kicker,marketing,src/components/sections/EditorialLetter.tsx,22,Un mot de notre fondatrice,editorial letter kicker,ui-static,P0,pending,
marketing.commerce.merci.letter.title,marketing,src/components/sections/EditorialLetter.tsx,27,La maison prend le temps qu’il faut.,editorial letter title,ui-static,P0,pending,
marketing.commerce.merci.letter.opening_named,marketing,src/components/sections/EditorialLetter.tsx,11,"{first_name}, merci d’avoir confié votre rituel à la maison.",editorial letter opening,ui-static,P0,pending,interpolation first_name
marketing.commerce.merci.letter.opening_anonymous,marketing,src/components/sections/EditorialLetter.tsx,12,Merci d’avoir confié votre rituel à la maison.,editorial letter opening fallback,ui-static,P0,pending,
marketing.commerce.merci.letter.body_1,marketing,src/components/sections/EditorialLetter.tsx,34,"Chaque pack est préparé à la main, à Rabat, dans un atelier où l’on prend le temps. La paste prépare, la powder révèle, le polissoir lustre. L’éclat reviendra doucement.",letter paragraph 1,ui-static,P0,pending,
marketing.commerce.merci.letter.body_2,marketing,src/components/sections/EditorialLetter.tsx,38,"En l’attente, choisissez un soir calme. Posez les pots sur une serviette de lin. Le rituel n’aime pas la précipitation — c’est là sa promesse.",letter paragraph 2,ui-static,P0,pending,
marketing.commerce.merci.letter.body_3,marketing,src/components/sections/EditorialLetter.tsx,43,"Si une question vous traverse, écrivez-nous. La maison répond.",letter paragraph 3,ui-static,P0,pending,
marketing.commerce.merci.letter.signature,marketing,src/components/sections/EditorialLetter.tsx,52,notre fondatrice,letter signature script,ui-static,P0,pending,à compléter par 'Salma' selon mock
marketing.commerce.merci.letter.signature_role,marketing,src/components/sections/EditorialLetter.tsx,55,Fondatrice · FemiGlow,letter signature role,ui-static,P0,pending,
marketing.commerce.merci.preparation.kicker,marketing,src/components/sections/PreparationGesture.tsx,22,Préparation au geste,prep gesture kicker,ui-static,P0,pending,
marketing.commerce.merci.preparation.title,marketing,src/components/sections/PreparationGesture.tsx,24,Choisissez un soir calme.,prep gesture title,ui-static,P0,pending,
marketing.commerce.merci.preparation.body_1,marketing,src/components/sections/PreparationGesture.tsx,26,"Posez les pots sur une serviette de lin. Allumez peu de lumière. Ouvrez le rituel comme on ouvre une lettre — sans hâte, sans intention de productivité.",prep gesture body 1,ui-static,P0,pending,
marketing.commerce.merci.preparation.body_2,marketing,src/components/sections/PreparationGesture.tsx,31,"La maison ne propose pas une routine. Elle propose un moment suspendu, qui appartient à vos mains.",prep gesture body 2,ui-static,P0,pending,
marketing.commerce.merci.fallback.title,marketing,src/components/commerce/MerciClient.tsx,146,Confirmation envoyée par email.,merci fallback title,ui-static,P0,pending,
marketing.commerce.merci.fallback.body,marketing,src/components/commerce/MerciClient.tsx,148,"Votre commande a bien été enregistrée. La confirmation détaillée arrive dans votre boîte mail.",merci fallback body,ui-static,P0,pending,
marketing.commerce.merci.fallback.cta,marketing,src/components/commerce/MerciClient.tsx,159,Revenir à la maison,merci fallback cta,ui-static,P0,pending,
marketing.commerce.sticky_cta.aria,marketing,src/components/commerce/StickyCartCTA.tsx,60,Achat rapide,sticky cta aria,ui-static,P1,pending,
errors.404.metadata.title,seo,src/app/not-found.tsx,12,Page introuvable,404 metadata title,seo-meta,P0,pending,
errors.404.metadata.description,seo,src/app/not-found.tsx,13,"La page que vous cherchez n’existe plus, ou pas encore.",404 metadata description,seo-meta,P0,pending,
errors.404.kicker,errors,src/app/not-found.tsx,21,404,404 kicker,error-message,P0,pending,
errors.404.title,errors,src/app/not-found.tsx,23,La page reste introuvable.,404 title,error-message,P0,pending,
errors.404.body,errors,src/app/not-found.tsx,25,"Peut-être un lien ancien, peut-être un déplacement éditorial. Revenons à la maison ou parcourons le journal.",404 body,error-message,P0,pending,
errors.404.cta_home,errors,src/app/not-found.tsx,33,Retour à l’accueil,404 cta home,error-message,P0,pending,
errors.404.cta_journal,errors,src/app/not-found.tsx,37,Lire le journal,404 cta journal,error-message,P0,pending,
errors.500.kicker,errors,src/app/error.tsx,60,Désolés,500 kicker,error-message,P0,pending,
errors.500.title_default,errors,src/app/error.tsx,62,Quelque chose s’est interrompu.,500 title,error-message,P0,pending,
errors.500.title_chunk,errors,src/app/error.tsx,62,Mise à jour détectée.,chunk reload title,error-message,P1,pending,
errors.500.body_default,errors,src/app/error.tsx,67,"La maison enregistre l’incident. Vous pouvez recharger la page, ou revenir à l’accueil — votre panier reste enregistré.",500 body,error-message,P0,pending,
errors.500.body_chunk,errors,src/app/error.tsx,66,Le site a été mis à jour depuis votre dernière visite. Rechargement automatique en cours…,chunk reload body,error-message,P1,pending,
errors.500.reference_label,errors,src/app/error.tsx,71,Référence :,error reference label,error-message,P1,pending,
errors.500.cta_reload,errors,src/app/error.tsx,77,Recharger la page,500 reload cta,error-message,P0,pending,
errors.500.cta_home,errors,src/app/error.tsx,82,Retour à l’accueil,500 home cta,error-message,P0,pending,
errors.validation.required,errors,src/lib/schemas/contact.ts,?,Ce champ est requis,validation required,error-message,P0,pending,Zod-driven message générique
errors.validation.email_invalid,errors,src/lib/schemas/contact.ts,?,Adresse email invalide,validation email,error-message,P0,pending,
errors.validation.phone_invalid,errors,src/lib/schemas/contact.ts,?,Téléphone invalide,validation phone,error-message,P0,pending,
errors.validation.message_too_short,errors,src/lib/schemas/contact.ts,?,Le message est trop court (min 20 caractères),validation message,error-message,P0,pending,
errors.newsletter.consent_required,errors,src/components/forms/NewsletterForm.tsx,17,Le consentement est requis pour s’inscrire.,newsletter consent error,error-message,P0,pending,
errors.newsletter.invalid_response,errors,src/components/forms/NewsletterForm.tsx,64,Réponse serveur invalide.,newsletter server error,error-message,P1,pending,
errors.newsletter.network,errors,src/components/forms/NewsletterForm.tsx,78,L’inscription n’a pas pu aboutir. Réessayez plus tard.,newsletter network error,error-message,P0,pending,
errors.article.not_found,errors,src/app/(marketing)/journal/[slug]/page.tsx,35,Article introuvable,article 404 title,error-message,P1,pending,
errors.legal.page_not_found,errors,src/app/legal/[slug]/page.tsx,37,Page introuvable,legal page 404,error-message,P1,pending,
seo.json_ld.organization.name,seo,src/lib/seo/defaults.ts,33,FemiGlow,organization schema name,seo-meta,P1,pending,
seo.json_ld.organization.alternate_name,seo,src/lib/seo/defaults.ts,34,Maison FemiGlow,organization alt name,seo-meta,P1,pending,
seo.json_ld.organization.description,seo,src/lib/seo/defaults.ts,38,Maison de soin pour les ongles éditée au Maroc. Rituel de manucure japonaise halal en quatre gestes.,organization schema description,seo-meta,P1,pending,4 gestes vs 3 sur la home — drift
seo.json_ld.organization.founder_name,seo,src/lib/seo/defaults.ts,42,Yasmine Jebbari,founder name in schema,seo-meta,P2,pending,nom hardcodé - à valider founder
seo.json_ld.organization.address_locality,seo,src/lib/seo/defaults.ts,46,Casablanca,address city,seo-meta,P1,pending,inconsistence: 'Rabat' partout ailleurs - drift à fixer
seo.settings.default_description,seo,src/lib/seo/defaults.ts,71,"FemiGlow — maison de soin pour les ongles éditée à Casablanca. Manucure japonaise halal en quatre gestes : pâte, poudre, brillance, polissage.",seo settings default desc,seo-meta,P1,pending,inconsistence Casablanca vs Rabat
seo.known_pages.home,seo,src/lib/seo/known-pages.ts,9,Accueil,known page label,cms-default-seed,P1,pending,
seo.known_pages.kit,seo,src/lib/seo/known-pages.ts,10,Le Kit,known page label,cms-default-seed,P1,pending,inconsistence: 'Le Kit' vs 'Le pack' actuel
seo.known_pages.rituel,seo,src/lib/seo/known-pages.ts,11,Le Rituel,known page label,cms-default-seed,P1,pending,
seo.known_pages.manifeste,seo,src/lib/seo/known-pages.ts,12,Manifeste,known page label,cms-default-seed,P1,pending,
seo.known_pages.fondatrice,seo,src/lib/seo/known-pages.ts,13,Fondatrice,known page label,cms-default-seed,P1,pending,
seo.known_pages.temoignages,seo,src/lib/seo/known-pages.ts,14,Témoignages,known page label,cms-default-seed,P1,pending,
seo.known_pages.journal,seo,src/lib/seo/known-pages.ts,15,Journal,known page label,cms-default-seed,P1,pending,
seo.known_pages.faq,seo,src/lib/seo/known-pages.ts,16,FAQ,known page label,cms-default-seed,P1,pending,
seo.known_pages.contact,seo,src/lib/seo/known-pages.ts,17,Contact,known page label,cms-default-seed,P1,pending,
seo.known_pages.cgv,seo,src/lib/seo/known-pages.ts,18,CGV,known page label,cms-default-seed,P1,pending,
seo.known_pages.mentions_legales,seo,src/lib/seo/known-pages.ts,19,Mentions légales,known page label,cms-default-seed,P1,pending,
seo.known_pages.confidentialite,seo,src/lib/seo/known-pages.ts,20,Confidentialité,known page label,cms-default-seed,P1,pending,
seo.known_pages.cookies,seo,src/lib/seo/known-pages.ts,21,Cookies,known page label,cms-default-seed,P1,pending,
legal.mentions_legales.metadata.title,seo,src/app/(marketing)/mentions-legales/page.tsx,11,Mentions légales — FemiGlow,mentions metadata title,seo-meta,P0,pending,
legal.mentions_legales.metadata.description,seo,src/app/(marketing)/mentions-legales/page.tsx,13,"Mentions légales du site FemiGlow : éditeur, hébergement, propriété intellectuelle, données personnelles, cookies.",mentions metadata desc,seo-meta,P0,pending,
legal.mentions_legales.kicker,legal,src/app/(marketing)/mentions-legales/page.tsx,32,Informations légales,page kicker,legal-page,P0,pending,
legal.mentions_legales.title,legal,src/app/(marketing)/mentions-legales/page.tsx,35,Mentions légales,page title h1,legal-page,P0,pending,
legal.mentions_legales.updated,legal,src/app/(marketing)/mentions-legales/page.tsx,37,Dernière mise à jour : 13 mai 2026,updated date,legal-page,P1,pending,
legal.mentions_legales.editor.title,legal,src/app/(marketing)/mentions-legales/page.tsx,42,Éditeur du site,section title,legal-page,P0,pending,
legal.mentions_legales.editor.address_label,legal,src/app/(marketing)/mentions-legales/page.tsx,45,Adresse :,address label,legal-page,P0,pending,
legal.mentions_legales.editor.email_label,legal,src/app/(marketing)/mentions-legales/page.tsx,46,Email :,email label,legal-page,P0,pending,
legal.mentions_legales.editor.phone_label,legal,src/app/(marketing)/mentions-legales/page.tsx,47,Téléphone :,phone label,legal-page,P0,pending,
legal.mentions_legales.editor.director,legal,src/app/(marketing)/mentions-legales/page.tsx,51,"Directrice de la publication : Salma Jebbari, fondatrice de FemiGlow.",director publication line,legal-page,P0,pending,nom à valider founder
legal.mentions_legales.hosting.title,legal,src/app/(marketing)/mentions-legales/page.tsx,55,Hébergement,section title,legal-page,P0,pending,
legal.mentions_legales.hosting.body,legal,src/app/(marketing)/mentions-legales/page.tsx,57,"Le site est hébergé sur un serveur dédié situé en France/Maroc. Pour toute demande relative à l'hébergement, contactez la maison via {email}.",hosting paragraph,legal-page,P0,pending,interpolation email
legal.mentions_legales.intellectual.title,legal,src/app/(marketing)/mentions-legales/page.tsx,64,Propriété intellectuelle,section title,legal-page,P0,pending,
legal.mentions_legales.intellectual.body_1,legal,src/app/(marketing)/mentions-legales/page.tsx,66,"L'ensemble des contenus présents sur ce site (textes, photographies, illustrations, logos, vidéos, mise en page, identité graphique) sont la propriété exclusive de FemiGlow ou de ses partenaires éditoriaux, et sont protégés par les lois marocaines et internationales relatives à la propriété intellectuelle.",ip paragraph 1,legal-page,P0,pending,
legal.mentions_legales.intellectual.body_2,legal,src/app/(marketing)/mentions-legales/page.tsx,72,"Toute reproduction, représentation, modification, publication, adaptation ou exploitation, partielle ou intégrale, par quelque procédé que ce soit et sur quelque support que ce soit, est interdite sans autorisation écrite préalable de FemiGlow.",ip paragraph 2,legal-page,P0,pending,
legal.mentions_legales.privacy.title,legal,src/app/(marketing)/mentions-legales/page.tsx,81,Données personnelles,section title,legal-page,P0,pending,
legal.mentions_legales.privacy.body_1,legal,src/app/(marketing)/mentions-legales/page.tsx,83,"Les informations recueillies via les formulaires (contact, commande, newsletter) sont enregistrées et traitées par FemiGlow pour répondre à votre demande, livrer une commande, ou vous tenir informé(e) de la vie de la maison (avec votre consentement explicite).",privacy paragraph 1,legal-page,P0,pending,
legal.mentions_legales.privacy.body_2,legal,src/app/(marketing)/mentions-legales/page.tsx,89,"Conformément à la loi marocaine n° 09-08 relative à la protection des données personnelles, et au RGPD européen pour les visiteurs de l'Union européenne, vous disposez d'un droit d'accès, de rectification, de portabilité et de suppression de vos données. Pour exercer ces droits, écrivez à {email}.",privacy paragraph 2,legal-page,P0,pending,
legal.mentions_legales.privacy.body_3,legal,src/app/(marketing)/mentions-legales/page.tsx,97,"Les données ne sont jamais revendues ni cédées à des tiers commerciaux. Elles peuvent être partagées avec nos sous-traitants (livreur, prestataire de paiement) uniquement dans la mesure strictement nécessaire à l'exécution du service.",privacy paragraph 3,legal-page,P0,pending,
legal.mentions_legales.cookies.title,legal,src/app/(marketing)/mentions-legales/page.tsx,105,Cookies & traceurs,section title cookies,legal-page,P0,pending,
legal.mentions_legales.cookies.body_1,legal,src/app/(marketing)/mentions-legales/page.tsx,107,"Ce site utilise des cookies techniques (session, panier, préférences) indispensables au fonctionnement, et — sous réserve de votre consentement via le bandeau de gestion — des cookies de mesure d'audience anonymisés et des cookies tiers (Meta, Google Analytics, TikTok) à des fins d'amélioration de l'expérience et de communication.",cookies paragraph 1,legal-page,P0,pending,
legal.mentions_legales.cookies.body_2,legal,src/app/(marketing)/mentions-legales/page.tsx,114,"Vous pouvez à tout moment ajuster vos préférences via la bannière de consentement (icône de gestion en bas de page).",cookies paragraph 2,legal-page,P0,pending,
legal.mentions_legales.cgv.title,legal,src/app/(marketing)/mentions-legales/page.tsx,120,Conditions de vente,section title cgv,legal-page,P0,pending,
legal.mentions_legales.cgv.body,legal,src/app/(marketing)/mentions-legales/page.tsx,122,"Les conditions générales de vente applicables aux commandes passées sur ce site sont communiquées au moment du checkout et envoyées par email lors de la confirmation de commande.",cgv body,legal-page,P0,pending,
legal.mentions_legales.law.title,legal,src/app/(marketing)/mentions-legales/page.tsx,129,Loi applicable & juridiction,section title law,legal-page,P0,pending,
legal.mentions_legales.law.body,legal,src/app/(marketing)/mentions-legales/page.tsx,131,"Le présent site est régi par le droit marocain. En cas de litige, les tribunaux de Rabat seront seuls compétents, sauf disposition légale impérative contraire.",law body,legal-page,P0,pending,
legal.mentions_legales.footer.body,legal,src/app/(marketing)/mentions-legales/page.tsx,138,"Pour toute question relative à ces mentions légales, contactez la maison : {email}.",footer body,legal-page,P0,pending,interpolation email
legal.dynamic.page_kicker,legal,src/app/legal/[slug]/page.tsx,87,Pages légales,kicker on all dynamic legal pages,legal-page,P1,pending,
legal.dynamic.back_home,legal,src/app/legal/[slug]/page.tsx,81,Retour à l'accueil,legal page back home,legal-page,P1,pending,
legal.dynamic.last_updated_label,legal,src/app/legal/[slug]/page.tsx,93,Dernière mise à jour :,last updated prefix,legal-page,P1,pending,
legal.dynamic.summary_label,legal,src/app/legal/[slug]/page.tsx,120,Sommaire,toc heading,legal-page,P1,pending,
legal.dynamic.related_label,legal,src/components/legal/LegalRelatedLinks.tsx,33,Voir aussi,related links heading,legal-page,P1,pending,
legal.dynamic.contact_block.heading,legal,src/components/legal/LegalContactBlock.tsx,32,Une question ?,contact block heading,legal-page,P1,pending,
legal.dynamic.contact_block.intro,legal,src/components/legal/LegalContactBlock.tsx,35,Notre équipe répond rapidement :,contact block intro,legal-page,P1,pending,
legal.dynamic.contact_block.updated_line,legal,src/components/legal/LegalContactBlock.tsx,56,Mise à jour le {date} · v{version},updated version line,legal-page,P1,pending,interpolation
legal.dynamic.print_label,legal,src/components/legal/LegalPrintButton.tsx,12,Imprimer / PDF,print button label,legal-page,P2,pending,emoji 🖨 - à retirer
legal.dynamic.print_aria,legal,src/components/legal/LegalPrintButton.tsx,9,Imprimer cette page ou l'enregistrer en PDF,print button aria,legal-page,P2,pending,
legal.checkout_consent.text,legal,src/components/legal/CheckoutConsentText.tsx,26,"En validant la commande, vous reconnaissez avoir pris connaissance et accepter les ...",checkout consent body,legal-page,P0,pending,texte avec interpolation de liens
legal.checkout_consent.default.cgv,legal,src/components/legal/CheckoutConsentText.tsx,10,CGV,default link label,legal-page,P0,pending,
legal.checkout_consent.default.confidentialite,legal,src/components/legal/CheckoutConsentText.tsx,11,Politique de confidentialité,default link label,legal-page,P0,pending,
legal.footer_links.default.mentions,legal,src/components/legal/FooterLegalLinks.tsx,12,Mentions légales,default footer link,legal-page,P1,pending,
legal.footer_links.default.cgv,legal,src/components/legal/FooterLegalLinks.tsx,13,CGV,default footer link,legal-page,P1,pending,
legal.footer_links.default.confidentialite,legal,src/components/legal/FooterLegalLinks.tsx,14,Confidentialité,default footer link,legal-page,P1,pending,
legal.footer_links.default.cookies,legal,src/components/legal/FooterLegalLinks.tsx,15,Cookies,default footer link,legal-page,P1,pending,
email.shared.header.brand,email,src/lib/mail/templates/_shared/Header.tsx,9,FemiGlow,email header brand,email-template,P0,pending,
email.shared.header.tagline,email,src/lib/mail/templates/_shared/Header.tsx,13,Rituels conscients · Maroc,email header tagline,email-template,P0,pending,
email.shared.footer.address,email,src/lib/mail/templates/_shared/Footer.tsx,8,"FemiGlow · Rabat, Maroc · {url}",email footer address,email-template,P0,pending,interpolation site url
email.shared.footer.unsub_intro,email,src/lib/mail/templates/_shared/Footer.tsx,12,Tu reçois cet email parce que tu es en contact avec FemiGlow.,email footer unsub intro,email-template,P0,pending,
email.shared.footer.unsub_link,email,src/lib/mail/templates/_shared/Footer.tsx,18,Se désabonner,email footer unsub cta,email-template,P0,pending,
email.shared.footer.privacy_link,email,src/lib/mail/templates/_shared/Footer.tsx,25,Confidentialité,email footer privacy link,email-template,P0,pending,
email.contact_ack.subject,email,src/lib/mail/catalog.ts,103,"Bonjour {firstName}, on a bien reçu ton message",email subject contact ack,email-template,P0,pending,interpolation
email.contact_ack.preheader,email,src/lib/mail/catalog.ts,104,"On revient vers toi sous 24h ouvrées, {firstName}.",email preheader,email-template,P0,pending,interpolation
email.contact_ack.heading,email,src/lib/mail/templates/contact-acknowledgement.tsx,15,"Merci, {firstName} ✨",email heading,email-template,P0,pending,emoji ✨ - à retirer ou conserver
email.contact_ack.body_1,email,src/lib/mail/templates/contact-acknowledgement.tsx,18,"On a bien reçu ton message — on revient vers toi sous 24 heures (jours ouvrés).",email body paragraph,email-template,P0,pending,
email.contact_ack.body_2,email,src/lib/mail/templates/contact-acknowledgement.tsx,25,"En attendant, tu peux découvrir nos rituels les plus aimés :",email body paragraph,email-template,P0,pending,
email.contact_ack.cta,email,src/lib/mail/templates/contact-acknowledgement.tsx,32,Découvrir les rituels →,email cta,email-template,P0,pending,
email.order_confirmation.subject,email,src/lib/mail/catalog.ts,119,Ta commande {orderId} est confirmée ✨,email subject order,email-template,P0,pending,emoji + interpolation
email.order_confirmation.preheader,email,src/lib/mail/catalog.ts,120,{itemsCount} article(s) · livraison {deliveryEstimate},email preheader,email-template,P0,pending,double interpolation
email.order_confirmation.heading,email,src/lib/mail/templates/order-confirmation.tsx,23,"Ta commande est confirmée, {firstName}",email heading,email-template,P0,pending,
email.order_confirmation.body_thanks,email,src/lib/mail/templates/order-confirmation.tsx,26,Merci pour ta confiance ✨ Voici le récap de ta commande :,email body,email-template,P0,pending,emoji
email.order_confirmation.label_reference,email,src/lib/mail/templates/order-confirmation.tsx,32,Référence :,email label,email-template,P0,pending,
email.order_confirmation.label_articles,email,src/lib/mail/templates/order-confirmation.tsx,35,Articles :,email label,email-template,P0,pending,
email.order_confirmation.label_total,email,src/lib/mail/templates/order-confirmation.tsx,38,Total :,email label,email-template,P0,pending,
email.order_confirmation.label_delivery,email,src/lib/mail/templates/order-confirmation.tsx,41,Livraison estimée :,email label,email-template,P0,pending,
email.order_confirmation.cta,email,src/lib/mail/templates/order-confirmation.tsx,50,Suivre ma commande →,email cta,email-template,P0,pending,
email.order_confirmation.body_question,email,src/lib/mail/templates/order-confirmation.tsx,55,"Une question ? Réponds simplement à ce mail, on te lit.",email footer body,email-template,P0,pending,
email.newsletter_confirm.subject,email,src/lib/mail/catalog.ts,144,Confirme ton inscription à la newsletter FemiGlow,newsletter subject,email-template,P0,pending,
email.newsletter_confirm.preheader,email,src/lib/mail/catalog.ts,145,Plus qu'un clic pour rejoindre la newsletter.,newsletter preheader,email-template,P0,pending,
email.newsletter_confirm.heading,email,src/lib/mail/templates/newsletter-confirm.tsx,12,Plus qu'un clic ✨,newsletter heading,email-template,P0,pending,emoji
email.newsletter_confirm.body_intro,email,src/lib/mail/templates/newsletter-confirm.tsx,15,"Tu viens de t'inscrire à notre newsletter — pour confirmer que c'est bien toi (et pas un robot), clique sur le bouton ci-dessous :",newsletter body intro,email-template,P0,pending,
email.newsletter_confirm.cta,email,src/lib/mail/templates/newsletter-confirm.tsx,23,Je confirme mon inscription →,newsletter cta,email-template,P0,pending,
email.newsletter_confirm.body_ignore,email,src/lib/mail/templates/newsletter-confirm.tsx,27,"Tu n'as rien demandé ? Aucun souci, ignore simplement ce mail — sans clic, ton adresse ne sera jamais ajoutée à notre liste.",newsletter body ignore,email-template,P0,pending,
email.newsletter_confirm.body_expires,email,src/lib/mail/templates/newsletter-confirm.tsx,31,"Le lien de confirmation expire dans 7 jours. Si ce délai est passé, il te suffit de t'inscrire à nouveau depuis le site.",newsletter expires footer,email-template,P0,pending,
email.password_reset.subject,email,src/lib/mail/catalog.ts,186,Réinitialise ton mot de passe FemiGlow,password reset subject,email-template,P1,pending,
email.password_reset.preheader,email,src/lib/mail/catalog.ts,187,Lien valable {expiresInMinutes} minutes.,password reset preheader,email-template,P1,pending,interpolation
email.password_reset.heading,email,src/lib/mail/templates/password-reset.tsx,13,Réinitialisation de ton mot de passe,password reset heading,email-template,P1,pending,
email.password_reset.greeting,email,src/lib/mail/templates/password-reset.tsx,17,"Bonjour {firstName},",password reset greeting,email-template,P1,pending,interpolation
email.password_reset.body_request,email,src/lib/mail/templates/password-reset.tsx,20,"Tu as demandé à réinitialiser ton mot de passe FemiGlow. Clique ci-dessous pour en choisir un nouveau :",password reset body,email-template,P1,pending,
email.password_reset.cta,email,src/lib/mail/templates/password-reset.tsx,28,Réinitialiser mon mot de passe →,password reset cta,email-template,P1,pending,
email.password_reset.body_expires,email,src/lib/mail/templates/password-reset.tsx,32,"Ce lien expire dans {expires} minutes. Si tu n'as pas fait cette demande, ignore simplement ce mail — ton mot de passe reste inchangé.",password reset expires body,email-template,P1,pending,interpolation
email.password_reset.security_note,email,src/lib/mail/templates/password-reset.tsx,37,"Pour des raisons de sécurité, ne partage jamais ce lien.",password reset footer,email-template,P1,pending,
email.cart_abandoned.subject,email,src/lib/mail/catalog.ts,207,"{firstName}, tu as oublié quelque chose ✨",cart abandoned subject,email-template,P1,pending,emoji + interpolation
email.cart_abandoned.preheader,email,src/lib/mail/catalog.ts,208,"{firstName}, ton panier t'attend chez FemiGlow.",cart abandoned preheader,email-template,P1,pending,
email.cart_abandoned.heading,email,src/lib/mail/templates/cart-abandoned.tsx,14,"{firstName}, ton panier t'attend ✨",cart abandoned heading,email-template,P1,pending,emoji
email.cart_abandoned.body_intro,email,src/lib/mail/templates/cart-abandoned.tsx,17,Tu as laissé un panier en plan il y a une heure. On t'a gardé précieusement :,cart abandoned intro,email-template,P1,pending,
email.cart_abandoned.body_resume,email,src/lib/mail/templates/cart-abandoned.tsx,24,Reprends où tu en étais en un clic — pas besoin de tout retaper :,cart abandoned resume,email-template,P1,pending,
email.cart_abandoned.cta,email,src/lib/mail/templates/cart-abandoned.tsx,32,Reprendre mon panier →,cart abandoned cta,email-template,P1,pending,
email.cart_abandoned.body_question,email,src/lib/mail/templates/cart-abandoned.tsx,35,"Si tu as une question sur la commande, réponds simplement à ce mail — une conseillère te répond dans la journée.",cart abandoned footer,email-template,P1,pending,
chat.launcher.aria_open,chat,src/components/chat/ChatLauncher.tsx,76,Ouvrir le chat,chat launcher aria open,ui-static,P1,pending,
chat.launcher.aria_close,chat,src/components/chat/ChatLauncher.tsx,76,Fermer le chat,chat launcher aria close,ui-static,P1,pending,
chat.launcher.aria_unread,chat,src/components/chat/ChatLauncher.tsx,98,{count} nouveau messages,chat unread badge aria,ui-static,P2,pending,interpolation count
chat.header.name,chat,src/components/chat/ChatHeader.tsx,26,Assistante FemiGlow,chat header assistant name,ui-static,P0,pending,
chat.header.status,chat,src/components/chat/ChatHeader.tsx,27,En ligne · répond en quelques secondes,chat header status,ui-static,P0,pending,
chat.header.close_aria,chat,src/components/chat/ChatHeader.tsx,32,Fermer le chat,chat header close aria,ui-static,P0,pending,
chat.header.close_label,chat,src/components/chat/ChatHeader.tsx,55,Fermer,chat header close button,ui-static,P0,pending,
chat.composer.placeholder.fr,chat,src/components/chat/ChatComposer.tsx,14,Posez votre question…,chat composer placeholder fr,ui-static,P0,pending,already multilingual
chat.composer.placeholder.ar,chat,src/components/chat/ChatComposer.tsx,15,اكتب رسالتك…,chat composer placeholder ar,ui-static,P0,pending,
chat.composer.placeholder.ar_ma,chat,src/components/chat/ChatComposer.tsx,16,kteb ssoual dyalek…,chat composer placeholder darija,ui-static,P1,pending,
chat.composer.input_aria,chat,src/components/chat/ChatComposer.tsx,61,Message,chat input aria,ui-static,P1,pending,
chat.composer.stop_label,chat,src/components/chat/ChatComposer.tsx,72,Stop,chat stop streaming label,ui-static,P1,pending,
chat.composer.send_aria,chat,src/components/chat/ChatComposer.tsx,78,Envoyer,chat send button aria,ui-static,P0,pending,
chat.message_list.aria,chat,src/components/chat/MessageList.tsx,47,Conversation,chat list aria,ui-static,P1,pending,
chat.message_list.suggestions_aria,chat,src/components/chat/MessageList.tsx,89,Suggestions rapides,suggestions aria,ui-static,P1,pending,
chat.message_bubble.sources_label,chat,src/components/chat/MessageBubble.tsx,66,Sources · {count},sources popover label,ui-static,P2,pending,interpolation
chat.lead_form.countries.maroc,chat,src/components/chat/LeadFormBubble.tsx,39,Maroc,country option,ui-static,P1,pending,
chat.lead_form.countries.france,chat,src/components/chat/LeadFormBubble.tsx,40,France,country option,ui-static,P1,pending,
chat.lead_form.countries.belgique,chat,src/components/chat/LeadFormBubble.tsx,41,Belgique,country option,ui-static,P1,pending,
chat.lead_form.countries.suisse,chat,src/components/chat/LeadFormBubble.tsx,42,Suisse,country option,ui-static,P1,pending,
chat.lead_form.countries.algerie,chat,src/components/chat/LeadFormBubble.tsx,43,Algérie,country option,ui-static,P1,pending,
chat.lead_form.countries.tunisie,chat,src/components/chat/LeadFormBubble.tsx,44,Tunisie,country option,ui-static,P1,pending,
chat.lead_form.country_aria,chat,src/components/chat/LeadFormBubble.tsx,311,Pays,country select aria,ui-static,P2,pending,
chat.lead_form.honeypot_label,chat,src/components/chat/LeadFormBubble.tsx,368,Téléphone alternatif,honeypot label,ui-static,P2,pending,
chat.lead_form.copy.fr.intro_default,chat,src/components/chat/lead-form-copy.ts,60,"Réponse en moins de 2 h, en horaires d'ouverture.",lead form fr intro default,ui-static,P0,pending,already multilingual (FR/AR/AR-MA)
chat.lead_form.copy.fr.cta_default,chat,src/components/chat/lead-form-copy.ts,61,Être rappelée,lead form fr cta default,ui-static,P0,pending,
chat.lead_form.copy.fr.dismiss,chat,src/components/chat/lead-form-copy.ts,62,Plus tard,lead form dismiss,ui-static,P0,pending,
chat.lead_form.copy.fr.first_name_label,chat,src/components/chat/lead-form-copy.ts,63,Prénom,lead form first name label,ui-static,P0,pending,
chat.lead_form.copy.fr.first_name_placeholder,chat,src/components/chat/lead-form-copy.ts,64,Ex. Sara,first name placeholder,ui-static,P0,pending,
chat.lead_form.copy.fr.phone_label,chat,src/components/chat/lead-form-copy.ts,65,Téléphone (WhatsApp),phone label,ui-static,P0,pending,
chat.lead_form.copy.fr.phone_placeholder,chat,src/components/chat/lead-form-copy.ts,66,06 12 34 56 78,phone placeholder,ui-static,P0,pending,
chat.lead_form.copy.fr.note_label,chat,src/components/chat/lead-form-copy.ts,67,Une question précise ?,note label,ui-static,P1,pending,
chat.lead_form.copy.fr.note_placeholder,chat,src/components/chat/lead-form-copy.ts,68,Ex. besoin de conseil sur ma routine,note placeholder,ui-static,P1,pending,
chat.lead_form.copy.fr.consent,chat,src/components/chat/lead-form-copy.ts,69,J’accepte d’être recontactée par FemiGlow. Mes données restent privées.,consent text,ui-static,P0,pending,
chat.lead_form.copy.fr.submit,chat,src/components/chat/lead-form-copy.ts,71,Recevoir un appel,submit cta,ui-static,P0,pending,
chat.lead_form.copy.fr.success_fallback,chat,src/components/chat/lead-form-copy.ts,72,Merci ! Une conseillère vous appellera très vite. À tout de suite ✨,success message,ui-static,P0,pending,emoji
chat.lead_form.copy.fr.privacy_note,chat,src/components/chat/lead-form-copy.ts,74,"Données utilisées uniquement pour ce rappel. Aucun spam, aucune revente.",privacy note,ui-static,P1,pending,
chat.lead_form.copy.fr.purchase_intent.intro,chat,src/components/chat/lead-form-copy.ts,109,Rappel dans la journée · paiement en main propre à la réception.,purchase intent intro,ui-static,P0,pending,
chat.lead_form.copy.fr.purchase_intent.cta,chat,src/components/chat/lead-form-copy.ts,110,Commander mon kit,purchase intent cta,ui-static,P0,pending,
chat.lead_form.copy.fr.purchase_intent.submit,chat,src/components/chat/lead-form-copy.ts,111,Valider ma commande,purchase intent submit,ui-static,P0,pending,
chat.lead_form.copy.fr.purchase_intent.success,chat,src/components/chat/lead-form-copy.ts,113,Merci ! Une conseillère vous appelle dans la journée pour confirmer la livraison. À tout de suite ✨,purchase intent success,ui-static,P0,pending,emoji
chat.lead_form.copy.fr.b2b.cta,chat,src/components/chat/lead-form-copy.ts,102,Être contactée (pro),b2b cta,ui-static,P1,pending,
chat.lead_form.copy.fr.b2b.note_label,chat,src/components/chat/lead-form-copy.ts,103,"Type de projet (institut, pharmacie, e-commerce…)",b2b note label,ui-static,P1,pending,
chat.lead_form.copy.fr.b2b.note_placeholder,chat,src/components/chat/lead-form-copy.ts,104,Ex. salon esthétique à Rabat,b2b note placeholder,ui-static,P1,pending,
chat.lead_form.copy.fr.b2b.intro,chat,src/components/chat/lead-form-copy.ts,101,On revient vers vous sous 48 h pour cadrer le projet.,b2b intro,ui-static,P1,pending,
chat.lead_form.copy.fr.objection.intro,chat,src/components/chat/lead-form-copy.ts,90,"Court échange, sans engagement.",objection intro,ui-static,P1,pending,
chat.lead_form.copy.fr.objection.cta,chat,src/components/chat/lead-form-copy.ts,92,Parler à une conseillère,objection cta,ui-static,P1,pending,
chat.lead_form.copy.fr.after_hours.intro,chat,src/components/chat/lead-form-copy.ts,96,"On rappelle dès l’ouverture (lun–sam, 9 h).",after-hours intro,ui-static,P1,pending,
chat.lead_form.copy.fr.after_hours.cta,chat,src/components/chat/lead-form-copy.ts,97,Être rappelée demain,after-hours cta,ui-static,P1,pending,
chat.lead_form.copy.fr.out_of_knowledge.intro,chat,src/components/chat/lead-form-copy.ts,86,Une conseillère humaine prend le relais.,out-of-knowledge intro,ui-static,P1,pending,
chat.lead_form.copy.fr.out_of_knowledge.cta,chat,src/components/chat/lead-form-copy.ts,87,Demander un rappel,out-of-knowledge cta,ui-static,P1,pending,
chat.lead_form.copy.fr.inline_contact.intro,chat,src/components/chat/lead-form-copy.ts,119,Rien n’est enregistré tant que ce formulaire n’est pas validé.,inline contact intro,ui-static,P1,pending,
chat.lead_form.copy.fr.inline_contact.cta,chat,src/components/chat/lead-form-copy.ts,120,Confirmer mes coordonnées,inline contact cta,ui-static,P1,pending,
chat.lead_form.copy.fr.inline_contact.submit,chat,src/components/chat/lead-form-copy.ts,121,Valider,inline contact submit,ui-static,P1,pending,
chat.lead_form.copy.fr.manual.intro,chat,src/components/chat/lead-form-copy.ts,127,On vous rappelle dès qu’on est dispo.,manual intro,ui-static,P1,pending,
chat.lead_form.copy.fr.manual.cta,chat,src/components/chat/lead-form-copy.ts,128,Être rappelée,manual cta,ui-static,P1,pending,
chat.lead_form.errors.first_name_too_short,chat,src/components/chat/LeadFormBubble.tsx,418,Votre prénom semble incomplet.,lead error first name,error-message,P0,pending,
chat.lead_form.errors.phone_too_short,chat,src/components/chat/LeadFormBubble.tsx,419,Numéro trop court.,lead error phone,error-message,P0,pending,
chat.lead_form.errors.invalid_phone,chat,src/components/chat/LeadFormBubble.tsx,420,Numéro invalide. Vérifiez le format.,lead error phone format,error-message,P0,pending,
chat.lead_form.errors.consent_required,chat,src/components/chat/LeadFormBubble.tsx,421,"Pour pouvoir vous rappeler, on a besoin de votre accord — re-soumettez le formulaire.",lead error consent,error-message,P0,pending,
chat.lead_form.errors.session_missing,chat,src/components/chat/LeadFormBubble.tsx,422,Session expirée. Recommencez.,lead error session,error-message,P0,pending,
chat.lead_form.errors.already_captured,chat,src/components/chat/LeadFormBubble.tsx,423,"Demande déjà reçue, on vous appelle bientôt.",lead error duplicate,error-message,P1,pending,
chat.lead_form.errors.rate_limited,chat,src/components/chat/LeadFormBubble.tsx,424,Un instant — trop de tentatives ré-essayez dans 1 min.,lead error rate limit,error-message,P0,pending,
chat.lead_form.errors.submit_failed,chat,src/components/chat/LeadFormBubble.tsx,425,Une erreur est survenue. Ré-essayez.,lead error submit,error-message,P0,pending,
chat.lead_form.errors.network_error,chat,src/components/chat/LeadFormBubble.tsx,426,Connexion interrompue. Ré-essayez.,lead error network,error-message,P0,pending,
mock-data.ritual_module.kicker,marketing,src/components/sections/rituals/RitualsModule.tsx,39,LES VOIX DE LA MAISON,rituals module kicker (CAPS),ui-static,P1,pending,EN MAJUSCULES
mock-data.ritual_module.empty_title,marketing,src/components/sections/rituals/RitualsModule.tsx,42,La maison écoute.,rituals empty title,ui-static,P1,pending,
mock-data.ritual_module.empty_body,marketing,src/components/sections/rituals/RitualsModule.tsx,45,Soyez la première à partager votre rituel.,rituals empty body,ui-static,P1,pending,
mock-data.ritual_module.headline_one,marketing,src/components/sections/rituals/RitualsModule.tsx,56,Une initiée a partagé son rituel. Elle le reprendrait.,rituals headline 1,ui-static,P1,pending,
mock-data.ritual_module.headline_many,marketing,src/components/sections/rituals/RitualsModule.tsx,57,{total} initiées ont partagé. {oui} reprendraient le rituel.,rituals headline many,ui-static,P1,pending,interpolation total+oui
mock-data.ritual_module.read_all,marketing,src/components/sections/rituals/RitualsModule.tsx,110,Lire les {total} rituels partagés,rituals see all link,ui-static,P1,pending,interpolation total
